-- phpMyAdmin SQL Dump
-- version 3.4.10.1deb1
-- http://www.phpmyadmin.net
--
-- Host: localhost
-- Generation Time: Dec 31, 2012 at 10:07 AM
-- Server version: 5.5.28
-- PHP Version: 5.3.10-1ubuntu3.4

SET SQL_MODE="NO_AUTO_VALUE_ON_ZERO";
SET time_zone = "+00:00";


/*!40101 SET @OLD_CHARACTER_SET_CLIENT=@@CHARACTER_SET_CLIENT */;
/*!40101 SET @OLD_CHARACTER_SET_RESULTS=@@CHARACTER_SET_RESULTS */;
/*!40101 SET @OLD_COLLATION_CONNECTION=@@COLLATION_CONNECTION */;
/*!40101 SET NAMES utf8 */;

--
-- Database: `ai_hw`
--

-- --------------------------------------------------------

--
-- Table structure for table `finish`
--

DROP TABLE IF EXISTS `finish`;
CREATE TABLE IF NOT EXISTS `finish` (
  `keyword` varchar(30) NOT NULL
) ENGINE=InnoDB DEFAULT CHARSET=utf8;

--
-- Dumping data for table `finish`
--

INSERT INTO `finish` (`keyword`) VALUES
('梁博'),
('金志文'),
('李代沫');

-- --------------------------------------------------------

--
-- Table structure for table `follows`
--

DROP TABLE IF EXISTS `follows`;
CREATE TABLE IF NOT EXISTS `follows` (
  `id` varchar(15) NOT NULL,
  `name` varchar(30) NOT NULL,
  `gender` varchar(1) NOT NULL,
  `follower` varchar(15) NOT NULL,
  `language` varchar(8) NOT NULL,
  `verified` tinyint(1) NOT NULL,
  `url` varchar(100) NOT NULL,
  `province` int(11) NOT NULL,
  `city` int(11) NOT NULL,
  `keyword` varchar(11) NOT NULL
) ENGINE=InnoDB DEFAULT CHARSET=utf8;

--
-- Dumping data for table `follows`
--

INSERT INTO `follows` (`id`, `name`, `gender`, `follower`, `language`, `verified`, `url`, `province`, `city`, `keyword`) VALUES
('1762668841', '时间海儿丁', 'f', '995', 'zh-cn', 0, '', 100, 1000, '梁博'),
('2670990432', '痴痴空空稻草人', 'f', '115', 'zh-cn', 0, 'http://blog.sina.com.cn/yaling', 34, 1, '梁博'),
('1709407564', 'baobaolanlan', 'f', '66', 'zh-cn', 0, '', 35, 1, '梁博'),
('2280847207', 'belieber和monster', 'f', '3866', 'zh-cn', 0, '', 36, 11, '梁博'),
('1305710744', '不夜城不眠人', 'm', '315', 'zh-cn', 0, 'http://blog.sina.com.cn/mikebibby89', 33, 5, '梁博'),
('2845301465', '停泊梁山', 'm', '55', 'zh-cn', 0, '', 42, 1, '梁博'),
('1872252072', '1984乔治奥威尔', 'f', '336', 'zh-cn', 0, '', 34, 2, '梁博'),
('1882374371', '棉花糖ON1', 'm', '90', 'zh-cn', 0, '', 33, 4, '梁博'),
('23177669', '灰打', 'm', '2890', 'zh-cn', 0, '', 53, 1, '梁博'),
('2010520257', 'Audi-Yu', 'm', '453', 'zh-cn', 0, '', 44, 3, '梁博'),
('1841817265', '水印色', 'f', '347', 'zh-cn', 0, '', 11, 8, '梁博'),
('1730147173', '王王王静有個Rock夢_', 'f', '1230', 'zh-cn', 0, '', 50, 3, '梁博'),
('1760038743', 'hylxsfh', 'm', '24', 'zh-cn', 0, '', 21, 1, '梁博'),
('1663965387', '徐礼京_Vagrant', 'm', '783', 'zh-tw', 0, '', 42, 7, '梁博'),
('2922878464', 'Tedddy天', 'm', '78', 'zh-cn', 0, '', 400, 7, '梁博'),
('1661719944', 'IVY_MT', 'f', '347', 'zh-cn', 0, '', 31, 15, '梁博'),
('1817607271', '_JoJo___', 'f', '414', 'zh-cn', 0, '', 51, 1, '梁博'),
('1790454961', '黄昂全', 'm', '642', 'zh-cn', 0, '', 44, 1, '梁博'),
('1581414613', '毛峰_Fidel', 'm', '174', 'zh-cn', 0, 'http://www.nbayao.com', 31, 12, '梁博'),
('2674719852', '忠爺7777', 'm', '63', 'zh-cn', 0, 'http://blog.sina.com.cn/u/2674719852', 81, 1000, '梁博'),
('2959878217', '闯1991', 'm', '110', 'zh-cn', 0, '', 23, 1, '梁博'),
('2492391630', '中国娱乐八卦', 'f', '367', 'zh-cn', 0, '', 44, 3, '梁博'),
('1818837631', '爱生活鍀寶児-Man', 'm', '501', 'zh-cn', 0, 'http://blog.sina.com.cn/lzj526942080', 65, 1, '梁博'),
('1651123177', 'Morphinee', 'f', '7', 'zh-cn', 0, 'http://www.douban.com/people/y_XO/', 42, 1, '梁博'),
('2858684825', '我在这里祈祷21', 'f', '38', 'zh-cn', 0, '', 21, 2, '梁博'),
('1841182263', '韩俊赫_', 'm', '3129', 'zh-cn', 0, 'http://920365618.blog.163.com/', 23, 10, '梁博'),
('2690091875', '开水同学要努力', 'f', '415', 'zh-cn', 0, '', 100, 1000, '梁博'),
('1653082874', '凉风使劲吹', 'm', '1629', 'zh-cn', 0, '', 34, 1, '梁博'),
('1719269915', 'Leo-国鑫', 'm', '1036', 'zh-cn', 0, '', 44, 3, '梁博'),
('2079312171', '我是纳尼亚女王', 'f', '215', 'zh-cn', 0, '', 400, 19, '梁博'),
('2358135587', 'Liily_chun', 'f', '1193', 'zh-cn', 0, '', 46, 1000, '梁博'),
('1867462335', '东台小兵', 'm', '79', 'zh-cn', 0, '', 32, 9, '梁博'),
('1867924970', 'UpHold蜗牛_柯汀', 'm', '186', 'zh-cn', 0, '', 41, 1, '梁博'),
('1269013144', '老沈不读书', 'm', '116', 'zh-cn', 0, 'http://blog.sina.com.cn/asombredance', 41, 1, '梁博'),
('1403263173', '哇卡西', 'm', '180', 'zh-cn', 0, '', 31, 1000, '梁博'),
('1272066223', '烟台山童姥', 'm', '1792', 'zh-cn', 0, 'http://blog.sina.com.cn/zdx2221', 37, 6, '梁博'),
('2096655837', '张小她说', 'f', '136', 'zh-cn', 0, '', 13, 6, '梁博'),
('1401397535', '云水如来', 'm', '14', 'zh-cn', 0, '', 37, 1000, '梁博'),
('1928296964', '抢不注名字婆', 'f', '183', 'zh-cn', 0, '', 100, 1000, '梁博'),
('1360218623', '阿Jan的一些事一些情', 'm', '905', 'zh-cn', 0, 'http://blog.sina.com.cn/qq369367072', 44, 9, '梁博'),
('2744059332', '当当当当当当当当当dang', 'm', '323', 'zh-cn', 0, '', 100, 1000, '梁博'),
('2638804742', 'love-棒棒冰', 'f', '52', 'zh-cn', 0, '', 37, 1, '梁博'),
('1762901353', '蓝色大海2010', 'f', '100', 'zh-cn', 0, '', 32, 10, '梁博'),
('1317373275', '假如我是轻流水', 'm', '137', 'zh-cn', 0, '', 53, 1, '梁博'),
('2472994171', '山月不知__心底事', 'f', '24', 'zh-cn', 0, '', 11, 7, '梁博'),
('1882175060', '文化lucky', 'm', '310', 'zh-cn', 0, '', 33, 1, '梁博'),
('2276735363', '吴舒要认真拼搏三年SMU', 'f', '586', 'zh-cn', 0, '', 44, 1, '梁博'),
('2784968342', 'Lb刘博11', 'f', '25', 'zh-cn', 0, '', 21, 12, '梁博'),
('2104283967', 'M23MAO', 'm', '75', 'zh-cn', 0, '', 41, 13, '梁博'),
('2281252070', '爱尚-syt', 'm', '88', 'zh-cn', 0, 'http://weibo.com/sytzl', 32, 3, '梁博'),
('1663965387', '徐礼京_Vagrant', 'm', '783', 'zh-tw', 0, '', 42, 7, '梁博'),
('1649544174', '叔叔就快要人格分裂了', 'm', '306', 'zh-cn', 0, '', 61, 1, '梁博'),
('1906916083', '胡倬霖_', 'm', '456', 'zh-cn', 0, '', 100, 1000, '梁博'),
('2796210691', '旋嘞个旋王某旋', 'f', '104', 'zh-cn', 0, '', 100, 1000, '梁博'),
('1677052543', 'Sky_Mr', 'm', '449', 'zh-cn', 0, '', 22, 1, '梁博'),
('1459753194', '罗涛perry', 'm', '97', 'zh-cn', 0, '', 44, 3, '梁博'),
('1789617250', '瞌睡谜西', 'f', '1166', 'zh-cn', 0, '', 50, 13, '梁博'),
('1836248872', 'benfan2010', 'm', '126', 'zh-cn', 0, '', 44, 1, '梁博'),
('2875330042', '会翠大四啦-找工作ing-偶尔游玩', 'f', '96', 'zh-cn', 0, '', 42, 1, '梁博'),
('1266142022', '枫谷子', 'm', '406', 'zh-cn', 0, '', 33, 1, '梁博'),
('2335524962', '小太阳fei', 'f', '8', 'zh-cn', 0, '', 37, 1, '梁博'),
('2056821867', '淡水蒲泊', 'm', '90', 'zh-cn', 0, 'http://blog.sina.com.cn/mobile1406426875', 13, 2, '梁博'),
('2658550350', '因为爱卿不会轻易被上啊', 'f', '80', 'zh-cn', 0, '', 51, 1, '梁博'),
('1169087225', '梦幻如烟--', 'f', '110', 'zh-cn', 0, '', 23, 1, '梁博'),
('1884660052', 'chefryan', 'm', '236', 'zh-cn', 0, '', 31, 1000, '梁博'),
('1712393940', '天箜的颜色', 'f', '269', 'zh-cn', 0, '', 33, 2, '梁博'),
('2949326807', '梦里水香8', 'f', '14', 'zh-cn', 0, '', 41, 2, '梁博'),
('2135542160', 'fanjingjing86', 'm', '74', 'zh-cn', 0, '', 33, 1, '梁博'),
('2788250227', '赵子淇-', 'f', '266', 'zh-cn', 0, '', 22, 1, '梁博'),
('1100873394', '阿楠纯行货', 'm', '13', 'zh-cn', 0, '', 21, 1, '梁博'),
('2650814684', '悲观之蚂蚁', 'f', '90', 'zh-cn', 0, '', 33, 1, '梁博'),
('1768367794', 'Callen先生', 'm', '668', 'zh-cn', 0, '', 31, 1000, '梁博'),
('2210872604', '一起-在路上', 'f', '14', 'zh-cn', 0, '', 35, 7, '梁博'),
('1925878451', '非Neo', 'm', '83', 'zh-cn', 0, '', 11, 5, '梁博'),
('1809872472', 'catherine_canon', 'f', '295', 'zh-cn', 0, 'http://blog.sina.com.cn/catherinecanon', 11, 5, '梁博'),
('1797298094', '何奂', 'm', '1163', 'zh-cn', 0, '', 41, 17, '梁博'),
('1431358334', 'wangwang0', 'f', '44', 'zh-cn', 0, '', 400, 7, '梁博'),
('1663605352', '没有脚的鸟_2011', 'm', '89', 'zh-cn', 0, '', 44, 1, '梁博'),
('2453443551', '元_sh', 'm', '71', 'zh-cn', 0, '', 31, 7, '梁博'),
('2413838661', 'Cindy80的尾巴', 'f', '67', 'zh-cn', 0, '', 11, 5, '梁博'),
('2621682477', '雪莉雪柜柜', 'f', '202', 'zh-cn', 0, '', 100, 1000, '梁博'),
('1766189970', '封文进', 'm', '65', 'zh-cn', 0, '', 44, 3, '梁博'),
('2713983643', 'coffee小黑猫', 'f', '85', 'zh-cn', 0, '', 11, 5, '梁博'),
('1876474091', '空想小朋友没人认识就只好叫Ruin', 'f', '131', 'zh-cn', 0, '', 33, 1, '梁博'),
('1709561653', '梁博全国歌迷会', 'm', '12245', 'zh-cn', 0, '', 22, 1, '梁博'),
('1188270373', '胡-天舒', 'f', '62', 'zh-cn', 0, '', 44, 1000, '梁博'),
('1740896964', '感受人生的一切', 'f', '27', 'zh-cn', 0, '', 35, 2, '梁博'),
('2212545391', '刘佳钰-娟', 'f', '3474', 'zh-cn', 0, '', 21, 1, '梁博'),
('2337823633', '老王家-秋er念念', 'f', '556', 'zh-cn', 0, '', 12, 12, '梁博'),
('1888849423', '沐沐沐玄冰', 'f', '27', 'zh-cn', 0, '', 51, 1, '梁博'),
('2751594061', 'pp微笑在我心', 'f', '157', 'zh-cn', 0, '', 43, 1, '梁博'),
('2807595650', '湖北创实餐饮有限公司', 'f', '313', 'zh-cn', 1, 'http://blog.sina.com.cn/u/2807595650', 42, 7, '梁博'),
('2018583893', '妖a孽', 'm', '88', 'zh-cn', 0, '', 35, 1, '梁博'),
('1775132870', '郝志伟久久', 'm', '4596', 'zh-cn', 0, 'http://www.renren.com/profile.do?id=311300453', 23, 10, '梁博'),
('2908765967', '智者乐水0018', 'm', '42', 'zh-cn', 0, '', 400, 1000, '梁博'),
('1764083764', '懒懒狼君', 'f', '314', 'zh-cn', 0, '', 35, 6, '梁博'),
('1717621763', '宝贝家蓝蓝的', 'f', '804', 'zh-tw', 0, 'http://blog.sina.com.cn/vivianlanzhongwei', 36, 1, '梁博'),
('1944033405', 'marianne_john81严妍', 'f', '205', 'zh-cn', 0, '', 33, 1, '梁博'),
('1081721922', '赵无无无无无敌', 'f', '335', 'zh-cn', 0, 'http://blog.sina.com.cn/seven9145', 22, 1, '梁博'),
('1783509197', '毒锅锅想要11万血的神T', 'm', '107', 'zh-cn', 0, '', 21, 1, '梁博'),
('1773418777', '桃子_Cherry', 'f', '1172', 'zh-cn', 0, '', 31, 8, '梁博'),
('1853905463', 'chE__五块的熊', 'm', '1204', 'zh-tw', 0, '', 44, 1, '梁博'),
('2289232845', 'Smile宇小宇宙', 'f', '105', 'zh-cn', 0, '', 13, 8, '梁博'),
('2584310412', '郑小冷z', 'm', '421', 'zh-tw', 0, '', 22, 1, '梁博'),
('2858684825', '我在这里祈祷21', 'f', '38', 'zh-cn', 0, '', 21, 2, '梁博'),
('2696417572', '许宏1982', 'm', '62', 'zh-cn', 0, '', 41, 5, '梁博'),
('2134263294', '苏州霏闻酒吧旗舰店', 'f', '5400', 'zh-cn', 1, '', 32, 5, '梁博'),
('1729711174', '我们一起吃早餐', 'm', '478', 'zh-cn', 0, '', 42, 1, '梁博'),
('1814551524', '_標少爺_', 'm', '133', 'zh-cn', 0, '', 51, 3, '梁博'),
('1590493381', '_奶鱼', 'f', '1431', 'zh-cn', 0, 'http://user.qzone.qq.com/369955591', 61, 1, '梁博'),
('2517206673', '2012LIUGE', 'm', '257', 'zh-cn', 0, 'http://blog.sina.com.cn/u/2517206673', 44, 3, '梁博'),
('1692063730', '小铁匠心情很down', 'm', '2324', 'zh-cn', 0, '', 34, 1, '梁博'),
('1896101381', '闹闹的王子与玫瑰', 'f', '493', 'zh-cn', 0, '', 34, 1, '梁博'),
('1886553874', 'RuiRuian', 'm', '91', 'zh-cn', 0, 'http://blog.sina.com.cn/u/1886553874', 42, 1, '梁博'),
('2958552251', '家桐de话儿', 'f', '18', 'zh-cn', 0, '', 22, 1, '梁博'),
('1986940751', 'emily-sh', 'f', '222', 'zh-cn', 0, '', 11, 5, '梁博'),
('1911717411', '疯子的名字用不了', 'm', '255', 'zh-cn', 0, '', 45, 9, '梁博'),
('1864770583', '多可爱小柠檬', 'f', '615', 'zh-cn', 0, '', 12, 3, '梁博'),
('1699460887', '犀牛的世界', 'm', '602', 'zh-cn', 0, 'http://www.sinruo.com', 42, 1, '梁博'),
('1953595967', 'Althea丽亚', 'f', '1293', 'zh-cn', 0, '', 34, 6, '梁博'),
('1237199894', 'zdragonet', 'm', '193', 'zh-cn', 0, '', 11, 8, '梁博'),
('1556186722', '小乾-善哉', 'm', '1391', 'zh-tw', 0, '', 81, 1, '梁博'),
('1814516382', '李莲花很好', 'f', '116', 'zh-cn', 0, 'http://blog.sina.com.cn/u/1826035365', 23, 1000, '梁博'),
('1520509641', 'william_abc_king', 'm', '92', 'zh-cn', 0, 'http://blog.sina.com.cn/williamyi', 31, 15, '梁博'),
('2736682883', '粗人一朵', 'm', '45', 'zh-cn', 0, '', 21, 2, '梁博'),
('1773881811', '7ulynancy', 'f', '10', 'zh-cn', 0, 'http://blog.sina.com.cn/7ulynancy', 65, 1, '梁博'),
('1762634904', '李洛克rocklee', 'm', '381', 'zh-cn', 0, '', 22, 1, '梁博'),
('2480037361', '柯Kaikai', 'f', '71', 'zh-cn', 0, '', 11, 5, '梁博'),
('2213718022', 'Z皓88JX', 'm', '158', 'zh-cn', 0, '', 33, 4, '梁博'),
('2038897057', 'YANG--MIMI', 'm', '82', 'zh-cn', 0, '', 44, 3, '梁博'),
('1806443072', '雷齐lq', 'm', '3171', 'zh-cn', 0, 'http://t.qq.com/leiqi1412231838', 36, 7, '梁博'),
('1843961553', '布里斯班小岑头', 'f', '346', 'zh-cn', 0, '', 400, 7, '梁博'),
('1456333410', '面有得瑟', 'm', '615', 'zh-cn', 1, '', 11, 8, '梁博'),
('1568378387', '锡城之冬', 'm', '1279', 'zh-cn', 0, 'http://blog.sina.com.cn/lai862', 32, 2, '梁博'),
('1797156805', '快乐多一些地盘', 'm', '84', 'zh-cn', 0, '', 21, 2, '梁博'),
('1930699171', 'linc居然放假了', 'm', '408', 'zh-cn', 0, 'http://site.douban.com/lizilinc/', 44, 5, '梁博'),
('1953086745', '明玥媛', 'm', '404', 'zh-cn', 0, '', 33, 1, '梁博'),
('2332594964', '兔子的咿语', 'f', '309', 'zh-cn', 0, '', 37, 2, '梁博'),
('1826089970', '杨葛伟', 'm', '28', 'zh-cn', 0, '', 41, 1, '梁博'),
('2958552251', '家桐de话儿', 'f', '18', 'zh-cn', 0, '', 22, 1, '梁博'),
('1819770427', '对外强哥Vincent', 'f', '1946', 'zh-cn', 0, 'http://whitefieldvincent.blog.163.com', 12, 6, '梁博'),
('2651541140', '呱哥在淘宝', 'm', '90', 'zh-cn', 0, '', 11, 5, '梁博'),
('1810812317', '-NIERAN', 'f', '330', 'zh-cn', 0, '', 11, 16, '梁博'),
('1759932007', '睡过头的连衣裙', 'f', '515', 'zh-cn', 0, '', 13, 1000, '梁博'),
('1360649485', 'LJJHZ', 'm', '561', 'zh-cn', 0, '', 33, 1, '梁博'),
('1829587552', 'andy字诚睿', 'm', '1782', 'zh-cn', 0, '', 33, 3, '梁博'),
('1988761492', '马克思柯南', 'm', '1325', 'zh-cn', 0, '', 81, 1, '梁博'),
('1732601067', 'NJ小景', 'f', '251', 'zh-cn', 0, 'http://blog.sina.com.cn/xiaojing616', 31, 10, '梁博'),
('1653657010', '为_梦_而_生', 'm', '468', 'zh-cn', 0, 'http://blog.sina.com.cn/xinfuyubao', 11, 5, '梁博'),
('2788184670', '怒山河', 'm', '41', 'zh-cn', 0, '', 400, 7, '梁博'),
('1761719750', '王小P-欧耶', 'f', '347', 'zh-cn', 0, '', 50, 9, '梁博'),
('1652886484', '阿磊C_LandY', 'm', '113', 'zh-cn', 0, '', 41, 7, '梁博'),
('1572982071', 'Ashreshell', 'f', '173', 'zh-cn', 0, '', 400, 1, '梁博'),
('1819685367', '娜娜wina', 'f', '206', 'zh-cn', 0, 'http://t.sina.com.cn/wangnana90hou', 34, 1, '梁博'),
('2344229765', '菜女娃', 'f', '231', 'zh-cn', 0, '', 100, 1000, '梁博'),
('2958411797', '我无处安放的小青春', 'm', '65', 'zh-cn', 0, '', 23, 1, '梁博'),
('1979677677', '雀婊', 'm', '56', 'zh-tw', 0, '', 45, 1, '梁博'),
('1835622160', 'Ryan朙', 'm', '166', 'zh-cn', 0, '', 44, 1, '梁博'),
('2008945405', 'Ailsalixmu', 'f', '208', 'zh-cn', 0, '', 35, 1, '梁博'),
('2879747782', '被封号的狗样人生', 'm', '87', 'zh-cn', 0, '', 400, 2, '梁博'),
('2624958670', '鞋衣韩舍', 'f', '1832', 'zh-cn', 0, 'http://www.aikujie.com', 44, 1, '梁博'),
('2158174835', '峰怡88', 'm', '159', 'zh-cn', 0, '', 34, 15, '梁博'),
('2689339417', '谁也不中了', 'm', '6', 'zh-cn', 0, '', 100, 1000, '梁博'),
('1911551497', '各有索颢731', 'm', '142', 'zh-cn', 0, '', 12, 1000, '梁博'),
('1675160912', '阿黛拉lucy', 'f', '1406', 'zh-cn', 0, 'http://lucy-64-lucy.blog.163.com', 44, 3, '梁博'),
('2527925812', 'Amy李细容', 'f', '120', 'zh-cn', 0, '', 31, 5, '梁博'),
('1766870125', '万鑫之围脖', 'm', '374', 'zh-cn', 0, '', 37, 2, '梁博'),
('2058454731', 'DIDI位', 'f', '58', 'zh-tw', 0, '', 43, 1, '梁博'),
('2951766863', 'psy孤雁1993', 'm', '114', 'zh-cn', 0, '', 44, 1, '梁博'),
('1657569672', '谷天雨2012', 'm', '236', 'zh-cn', 0, 'http://blog.sina.com.cn/revolutionaryroad2009', 11, 2, '梁博'),
('1739773237', '罗瘦宁', 'm', '871', 'zh-cn', 0, 'http://kent--luo.blog.163.com/album', 44, 1, '梁博'),
('2378481964', '树上的芦苇', 'f', '73', 'zh-cn', 0, '', 44, 1, '梁博'),
('1876876457', 'Joyi_wang', 'm', '219', 'zh-cn', 0, '', 44, 1, '梁博'),
('1927302121', '秋天的风_1204', 'f', '129', 'zh-cn', 0, '', 31, 1000, '梁博'),
('2929574334', '黄金迷城OL', 'm', '2215', 'zh-cn', 0, '', 400, 1, '梁博'),
('1749610047', 'Miko菲', 'f', '294', 'zh-cn', 0, '', 61, 1000, '梁博'),
('2485396301', 'Carly果果', 'f', '19', 'zh-cn', 0, '', 32, 2, '梁博'),
('1689652674', 'SKITTER镜小罗缴着吧', 'f', '517', 'zh-cn', 0, 'http://blog.sina.com.cn/lunamer', 400, 3, '梁博'),
('2320158863', 'Candy花园2011', 'f', '128', 'zh-cn', 0, '', 32, 1, '梁博'),
('1657722960', '顽受no疆', 'm', '172', 'zh-cn', 0, 'http://blog.sina.com.cn/cowboylove', 44, 3, '梁博'),
('1722306897', 'sherrielin', 'f', '1235', 'zh-cn', 0, '', 400, 1, '梁博'),
('1837368495', '丫头饱饱', 'f', '58', 'zh-cn', 0, '', 61, 1, '梁博'),
('1788761571', 'April__Rain', 'f', '35', 'zh-cn', 0, '', 35, 1, '梁博'),
('2131895310', '润润的水水的', 'f', '93', 'zh-cn', 0, 'http://weibo.com/runrunshuishui666', 31, 15, '梁博'),
('1879241603', 'Amanda-n', 'f', '1259', 'zh-cn', 0, '', 100, 1000, '梁博'),
('1849259274', '身骑白马闯山关', 'm', '31', 'zh-cn', 0, '', 50, 26, '梁博'),
('2144915661', '猪脸龟-SissiHAI', 'm', '224', 'zh-cn', 0, '', 400, 27, '梁博'),
('1887760000', '风发扬励', 'm', '684', 'zh-cn', 0, '', 37, 2, '梁博'),
('2365428830', '七叶1967', 'f', '85', 'zh-cn', 0, '', 32, 2, '梁博'),
('2696514283', 'sunny-桃妈', 'f', '103', 'zh-cn', 0, '', 33, 3, '梁博'),
('2757546863', '我在说2012', 'm', '77', 'zh-cn', 0, '', 11, 5, '梁博'),
('2886900317', '中国好声音微吧', 'm', '715734', 'zh-cn', 1, 'http://weiba.weibo.com/haoshengyin', 11, 1000, '梁博'),
('1795994825', '时光高峰', 'm', '45', 'zh-cn', 0, '', 61, 1, '梁博'),
('1740701192', '如果巴黎不快乐GD', 'f', '114', 'zh-cn', 0, 'http://blog.sina.com.cn/wsacm', 13, 1000, '梁博'),
('1596746091', '拉佩奇', 'm', '449', 'zh-cn', 0, 'http://blog.sina.com.cn/u/1596746091', 11, 5, '梁博'),
('2158965561', '努力吧YDD', 'm', '43', 'zh-cn', 0, '', 32, 2, '梁博'),
('1776194731', '洋小花--flower', 'f', '50', 'zh-cn', 0, '', 32, 12, '梁博'),
('2331590605', '热推荐-', 'f', '3816', 'zh-cn', 0, '', 21, 3, '梁博'),
('1731974495', '天天Richy', 'm', '2490', 'zh-cn', 0, 'http://yi1991.qzone.qq.com', 46, 1, '梁博'),
('2174983902', '到北极圈放烟火', 'f', '122', 'zh-cn', 0, '', 12, 26, '梁博'),
('1573282314', '红颜虽恏', 'f', '177', 'zh-cn', 0, '', 51, 1, '梁博'),
('2496129812', '乐无欢', 'f', '48', 'zh-cn', 0, 'http://blog.sina.com.cn/u/2496129812', 21, 2, '梁博'),
('1936822380', 'V5sally', 'f', '148', 'zh-cn', 0, '', 11, 8, '梁博'),
('1280358831', '-Eye-', 'f', '936', 'zh-cn', 0, 'http://blog.sina.com.cn/zhangyanjing0331', 14, 9, '梁博'),
('1215102862', 'p彭彭b', 'm', '60', 'zh-cn', 0, '', 11, 14, '梁博'),
('1763955673', '浅香的茶', 'm', '1951', 'zh-cn', 1, 'http://blog.sina.com.cn/u/1763955673', 12, 1000, '梁博'),
('2133375101', '5达的可乐', 'f', '272', 'zh-cn', 0, '', 400, 16, '梁博'),
('1421585117', '超级玛丽亮', 'm', '74', 'zh-cn', 0, '', 12, 5, '梁博'),
('2259254215', '辉煌顶峰', 'm', '80', 'zh-cn', 0, '', 11, 5, '梁博'),
('1817695331', '京伦Allen', 'm', '577', 'zh-cn', 0, '', 44, 8, '梁博'),
('1907922295', 'Mr_Nothing-at-all', 'f', '575', 'zh-cn', 0, '', 50, 1000, '梁博'),
('2766479563', '唐唐-1013', 'f', '77', 'zh-cn', 0, '', 21, 1, '梁博'),
('2117810925', '面朝NGO', 'm', '173', 'zh-cn', 0, '', 44, 3, '梁博'),
('2790536562', '深圳招华曦城', 'm', '1383', 'zh-cn', 1, 'http://www.cmoct.com/', 44, 3, '梁博'),
('2079527985', 'Rosies_Mom', 'f', '103', 'zh-cn', 0, '', 400, 1, '梁博'),
('1406359244', '徐行散人', 'm', '107', 'zh-cn', 0, '', 11, 1000, '梁博'),
('1990253661', '开艳-Karli', 'f', '753', 'zh-cn', 0, 'http://weibo.com/1990253661/profile/', 34, 17, '梁博'),
('2790534335', '倾__听__者', 'f', '57', 'zh-cn', 0, '', 45, 1, '梁博'),
('1574235374', 'Kim_金小花', 'm', '288', 'zh-cn', 0, '', 21, 2, '梁博'),
('1946899762', '长春万客会', 'f', '2705', 'zh-cn', 1, '', 22, 1, '梁博'),
('2329521520', 'letaotao0314', 'f', '55', 'zh-cn', 0, '', 31, 15, '梁博'),
('1790223291', '叫我诚实小郎君', 'm', '253', 'zh-cn', 0, 'http://blog.sina.com.cn/quentane', 44, 1, '梁博'),
('1707245745', 'Yene', 'f', '439', 'zh-tw', 0, 'http://dxy0215.blog.sohu.com', 11, 5, '梁博'),
('1807676564', '阿三七Vincent', 'm', '66', 'zh-cn', 0, 'http://blog.sina.com.cn/u/1807676564', 11, 1000, '梁博'),
('2974803275', '花骨朶儿mm', 'f', '1', 'zh-cn', 0, '', 23, 1, '梁博'),
('2121100175', '楊小敏--', 'f', '112', 'zh-cn', 0, '', 44, 6, '梁博'),
('1723896562', 'pepeco', 'f', '161', 'zh-cn', 0, 'http://blog.sina.com.cn/pxcwan', 11, 8, '梁博'),
('1890738792', '琼123小窝', 'f', '253', 'zh-cn', 0, '', 42, 1, '梁博'),
('1393878681', '喃是兵', 'm', '122', 'zh-cn', 0, '', 13, 9, '梁博'),
('1764564895', '小驴儿candylin', 'f', '195', 'zh-cn', 0, '', 21, 2, '梁博'),
('1277513707', '说好不打酱油', 'm', '515', 'zh-cn', 0, '', 44, 1, '梁博'),
('2654740432', '网商登峰', 'm', '537', 'zh-cn', 0, 'http://blog.sina.com.cn/u/2654740432', 35, 2, '梁博'),
('1771932997', '两不厌2000', 'f', '61', 'zh-cn', 0, 'http://blog.sina.com.cn/liangbuyan', 400, 1, '梁博'),
('1446775947', '向阳之雪', 'f', '929', 'zh-cn', 0, '', 22, 1, '梁博'),
('2775749973', '汤坶哥', 'm', '99', 'zh-cn', 0, '', 23, 1, '梁博'),
('2997740904', '文凤ding', 'f', '129', 'zh-cn', 0, 'http://blog.sina.com.cn/u/2997740904', 44, 3, '梁博'),
('1223964423', 'C-294南至云彩', 'f', '75', 'zh-cn', 0, 'http://weibo.com/1223964423/profile?topnav=1', 50, 6, '梁博'),
('2480037361', '柯Kaikai', 'f', '71', 'zh-cn', 0, '', 11, 5, '梁博'),
('1611968334', '幸福的宋承宪', 'f', '1589', 'zh-cn', 0, 'http://blog.sina.com.cn/xxd66jp 爱国爱家爱邓超', 400, 15, '梁博'),
('1868357432', '辰缘缘', 'f', '145', 'zh-cn', 0, '', 13, 2, '梁博'),
('2308966102', '2b秀敏-KUANG', 'f', '36', 'zh-cn', 0, 'http://blog.sina.com.cn/u/2308966102', 44, 6, '梁博'),
('2194369192', '安娜只爱权振东_心已飞到演唱会', 'f', '688', 'zh-cn', 0, 'http://blog.sina.com.cn/u/2194369192', 22, 1, '梁博'),
('2005230073', '第几个marc__', 'm', '1603', 'zh-tw', 0, 'http://blog.sina.com.cn/u/2005230073', 22, 1, '梁博'),
('2957563753', '丁伊雯874193796', 'f', '3', 'zh-cn', 0, '', 22, 1000, '梁博'),
('2001855581', 'yanxjun_录', 'm', '97', 'zh-cn', 0, '', 44, 1, '梁博'),
('2949326807', '梦里水香8', 'f', '14', 'zh-cn', 0, '', 41, 2, '梁博'),
('1420110282', 'tyfree', 'm', '1670', 'zh-cn', 1, '', 44, 3, '梁博'),
('1872428482', 'Bingle宾果耳机', 'm', '63733', 'zh-cn', 1, '', 44, 3, '梁博'),
('1824069907', '周大金金金', 'f', '519', 'zh-cn', 0, '', 13, 3, '梁博'),
('1837005223', 'Kevin在能源2012', 'm', '1207', 'zh-cn', 0, 'http://weibo.com/zhengzongbin', 11, 5, '梁博'),
('2524278820', '温达伦', 'm', '884', 'zh-cn', 0, 'http://blog.sina.com.cn/u/2524278820', 33, 3, '梁博'),
('1675036115', '挨骂的臭鱼', 'm', '25', 'zh-cn', 0, 'http://blog.sina.com.cn/zilongchris', 11, 8, '梁博'),
('1772602627', '说好的喜马拉雅呢', 'f', '1058', 'zh-cn', 0, '', 100, 1000, '梁博'),
('2554241931', '金大雄的冬天', 'm', '392', 'zh-cn', 0, '', 22, 1, '梁博'),
('2951326312', '英语网站123', 'f', '847', 'zh-cn', 0, 'http://www.yywz123.com/', 37, 6, '梁博'),
('1801638442', '小P说', 'm', '89', 'zh-cn', 0, '', 44, 17, '梁博'),
('2920910627', '麦氏咖啡V', 'm', '43', 'zh-cn', 0, '', 37, 2, '梁博'),
('1672631825', 'artism168', 'm', '30', 'zh-cn', 0, 'http://blog.sina.com.cn/artism', 37, 1, '梁博'),
('1951717837', '高贱贱amocielo', 'f', '437', 'zh-cn', 0, '', 11, 5, '梁博'),
('1850380060', '摩卡西西amanda', 'f', '315', 'zh-cn', 0, '', 11, 5, '梁博'),
('2127291173', '谢阿瞒', 'm', '4676', 'zh-cn', 0, '', 33, 2, '梁博'),
('1626108161', '蓝莲花616', 'f', '107', 'zh-cn', 0, '', 37, 13, '梁博'),
('2506589435', '脾气差到爆_志均', 'm', '307', 'zh-cn', 0, '', 44, 19, '梁博'),
('1717010070', '叫我Clytze', 'f', '31', 'zh-cn', 0, '', 21, 2, '梁博'),
('1719051142', '肉嘟嘟米虫', 'f', '201', 'zh-cn', 0, '', 31, 7, '梁博'),
('2169105244', '换个地方住', 'f', '0', 'zh-cn', 0, '', 32, 7, '梁博'),
('1859746490', '果粒Gifford-V84', 'm', '331', 'zh-cn', 0, 'http://www.renren.com/51074445', 31, 10, '梁博'),
('1657394357', 'Code0033', 'm', '972', 'zh-cn', 0, '', 21, 11, '梁博'),
('2847638054', '黑海丹尼', 'm', '160', 'zh-cn', 0, '', 35, 1, '梁博'),
('1493474831', 'HLL的小眼神儿', 'f', '276', 'zh-cn', 0, 'http://blog.sina.com.cn/dreamingfly88', 11, 7, '梁博'),
('2088663107', '黑森林洞穴约七日红', 'm', '126', 'zh-cn', 0, '', 12, 4, '梁博'),
('2779727595', '双子王田', 'f', '96', 'zh-cn', 0, '', 37, 7, '梁博'),
('1851301075', 'hermitford', 'm', '135', 'zh-cn', 0, '', 400, 1, '梁博'),
('2064556275', '郑强0241', 'm', '86', 'zh-cn', 0, '', 43, 1, '梁博'),
('1263870742', 'lovehupig', 'f', '126', 'zh-cn', 0, '', 42, 1, '梁博'),
('1802439310', '稻稻稻稻稻', 'm', '125', 'zh-cn', 0, '', 51, 1, '梁博'),
('2625983887', '神迹破儿', 'f', '28', 'zh-cn', 0, '', 51, 13, '梁博'),
('2151697501', '抬头朢着天', 'm', '172', 'zh-cn', 0, 'http://blog.163.com/remind_happy/', 33, 1, '梁博'),
('2151457560', '蓝雨水_', 'm', '426', 'zh-cn', 0, '', 100, 1000, '梁博'),
('1321395892', '冯子晗', 'm', '1558', 'zh-cn', 0, '', 11, 1000, '梁博'),
('1442525454', 'LeoDL', 'm', '170', 'zh-cn', 0, 'http://blog.sina.com.cn/afeixiaomao', 22, 1, '梁博'),
('1730885933', '王动与郭大路', 'm', '843', 'zh-cn', 0, '', 100, 1000, '梁博'),
('2380830931', '不二芬-', 'f', '195', 'zh-tw', 0, '', 42, 1, '梁博'),
('2164516432', 'xxxholic-JIn', 'f', '499', 'zh-cn', 0, 'http://blog.sina.com.cn/u/2164516432', 100, 1000, '梁博'),
('1073302440', '1凡guitar', 'm', '364', 'zh-cn', 0, 'http://blog.sina.com.cn/wangyifan', 12, 5, '梁博'),
('1841817265', '水印色', 'f', '347', 'zh-cn', 0, '', 11, 8, '梁博'),
('1632615150', '沫沫周-', 'f', '503', 'zh-cn', 0, 'http://blog.sina.com.cn/safesound', 400, 5, '梁博'),
('1863653507', '陈竞博Serena', 'f', '142', 'zh-cn', 0, '', 22, 1, '梁博'),
('2338336375', '壹涵妈', 'f', '76', 'zh-cn', 0, '', 32, 1, '梁博'),
('1840108197', '1987rabbit', 'f', '248', 'zh-cn', 0, '', 22, 1, '梁博'),
('2580100540', '炎炎妈咪', 'f', '36', 'zh-cn', 0, 'http://blog.sina.com.cn/99m88', 33, 1, '梁博'),
('2200332283', '袁小南', 'f', '91', 'zh-cn', 0, '', 100, 1000, '梁博'),
('1863269144', '波透社de小柔', 'f', '1963', 'zh-cn', 0, 'http://blog.sina.com.cn/tinayush', 31, 15, '梁博'),
('1148037262', '中华曲库上下册', 'm', '59', 'zh-cn', 0, '', 11, 1000, '梁博'),
('2438456250', 'MAYUNHAO-better-me', 'm', '1174', 'zh-cn', 0, '', 51, 6, '梁博'),
('1908288287', '____小羅', 'm', '284', 'zh-cn', 0, '', 44, 1, '梁博'),
('2295851483', '小言_小言', 'm', '90', 'zh-cn', 0, '', 36, 1, '梁博'),
('2551013507', 'thepoor', 'm', '168', 'zh-cn', 0, '', 50, 8, '梁博'),
('2551013507', 'thepoor', 'm', '168', 'zh-cn', 0, '', 50, 8, '梁博'),
('1817253931', '杨帆-小霸王', 'm', '457', 'zh-cn', 0, '', 31, 6, '梁博'),
('1820786497', '为什么非得起个名字_', 'f', '317', 'zh-cn', 0, '', 11, 5, '梁博'),
('1566543497', '夏天里的棉帽子', 'f', '2140', 'zh-cn', 1, '', 37, 6, '梁博'),
('2210937982', '青山浅藏白云间', 'm', '135', 'zh-cn', 0, '', 11, 2, '梁博'),
('1561782791', '跃牛', 'm', '232', 'zh-cn', 0, '', 44, 52, '梁博'),
('1608423301', '_匹諾曹丶', 'm', '578', 'zh-cn', 0, 'http://www.douban.com/people/Rg.K.s/', 12, 4, '梁博'),
('1947094463', '刘小凤呼叫吴大龙', 'f', '212', 'zh-cn', 0, '', 400, 5, '梁博'),
('1502482003', '红红红红红黑', 'm', '321', 'zh-cn', 0, '', 33, 1, '梁博'),
('1959151443', '暖雪Silvia', 'f', '121', 'zh-cn', 0, '', 31, 10, '梁博'),
('1620126654', '做最好的自己1975', 'f', '65', 'zh-cn', 0, '', 12, 1000, '梁博'),
('1749766222', '鹏獒', 'm', '37', 'zh-cn', 0, 'http://blog.sina.com.cn/u/1749766222', 44, 3, '梁博'),
('1654643367', '南海的南方', 'm', '423', 'zh-cn', 0, '', 44, 4, '梁博'),
('1830990870', '有心不如无意', 'f', '38', 'zh-cn', 0, '', 100, 1000, '梁博'),
('2979571484', '1朵2朵-', 'f', '97', 'zh-cn', 0, '', 43, 1, '梁博'),
('1806666893', '谁人知我_莲的心事', 'f', '148', 'zh-cn', 0, '', 37, 1000, '梁博'),
('2142099163', '王道CP吧', 'm', '22841', 'zh-cn', 0, '', 400, 1000, '梁博'),
('1782803053', '方方方方方不想回家', 'f', '302', 'zh-cn', 0, '', 37, 1, '梁博'),
('1220090505', '蓝兔子1974', 'f', '504', 'zh-cn', 0, 'http://blog.sina.com.cn/lantuzi1974', 11, 5, '梁博'),
('1677127150', '虚屋生白', 'm', '3607', 'zh-cn', 0, '', 14, 23, '梁博'),
('2645983612', '天蝎座Alpha', 'm', '26', 'zh-cn', 0, '', 33, 1, '梁博'),
('2935876147', '-祐手緍裓', 'f', '19', 'zh-cn', 0, '', 14, 1, '梁博'),
('1146213294', '通透依然喜悦', 'f', '381', 'zh-cn', 0, 'http://blog.sina.com.cn/wjtx1526', 13, 10, '梁博'),
('1873459594', '感情咨询师梦梦梦', 'f', '697', 'zh-cn', 0, '', 61, 1, '梁博'),
('1904778721', 'sunyuan841212', 'f', '536', 'zh-cn', 0, '', 11, 8, '梁博'),
('2396237431', '心底之沫', 'f', '43', 'zh-cn', 0, '', 41, 1, '梁博'),
('1785445683', '踏雪紫铃', 'f', '278', 'zh-cn', 0, '', 22, 1, '梁博'),
('2696575443', '田云燕不是个瘦子', 'f', '6', 'zh-cn', 0, '', 37, 11, '梁博'),
('1663642525', '闷骚小男人儿', 'm', '1757', 'zh-cn', 0, 'http://blog.sina.com.cn/tuziweicdut', 35, 2, '梁博'),
('2660051681', '斷涯誶魂', 'm', '26', 'zh-cn', 0, '', 61, 1, '梁博'),
('1934277504', '佐咗柚-金华劲武双节棍社', 'f', '147', 'zh-cn', 0, '', 33, 7, '梁博'),
('1397160932', '大琼小雯', 'f', '97', 'zh-cn', 0, 'http://blog.sina.com.cn/bluesky112123', 43, 1, '梁博'),
('1815710247', '口口先森', 'm', '145', 'zh-cn', 0, '', 23, 1, '梁博'),
('1245893935', 'Kiwipedia_Lee', 'm', '934', 'zh-cn', 0, '', 81, 15, '梁博'),
('1967266714', 'lsilong', 'm', '321', 'zh-cn', 0, 'http://blog.163.com/lin_silong/', 44, 1, '梁博'),
('1822243985', '小米主义', 'f', '102', 'zh-cn', 0, '', 11, 1, '梁博'),
('1772954590', '劉濤先生哟', 'm', '338', 'zh-cn', 0, 'http://t.sina.com.cn/nicesummer', 21, 2, '梁博'),
('1877201467', '哎嘛Yangyang', 'f', '286', 'zh-cn', 0, 'http://blog.sina.com.cn/zhaoyangswufe', 51, 1, '梁博'),
('2640039381', 'pdcpwcq', 'm', '144', 'zh-cn', 0, '', 44, 1, '梁博'),
('1746914415', '驴行鸡汤', 'm', '1189', 'zh-cn', 0, 'http://blog.sina.com.cn/lxjitang', 31, 12, '梁博'),
('2570882917', '徐圣淇SunShine', 'f', '234', 'zh-cn', 0, '', 11, 5, '梁博'),
('1064396945', 'Amazing-Bo', 'm', '801', 'zh-cn', 0, 'http://blog.sina.com.cn/hubo16036', 22, 1, '梁博'),
('2005651175', '_兵不厌诈_', 'm', '1072', 'zh-cn', 0, '', 11, 5, '梁博'),
('1586764955', '汪洋中的一只小鱼', 'f', '454', 'zh-cn', 0, 'http://blog.sina.com.cn/passcj', 11, 1000, '梁博'),
('1046033922', 'superliliyu', 'f', '1583', 'zh-cn', 1, '', 11, 5, '梁博'),
('1945406003', '路文韬', 'm', '1132', 'zh-cn', 0, '', 11, 1000, '梁博'),
('1956861942', '水木1603', 'f', '79', 'zh-cn', 0, '', 44, 3, '梁博'),
('1728810680', '汪舟洋慢灵魂', 'm', '321', 'zh-cn', 0, 'http://blog.sina.com.cn/mykonos024', 34, 1000, '梁博'),
('2140847853', '姜海峰sandman', 'm', '179', 'zh-cn', 0, '', 23, 1, '梁博'),
('1736126092', 'Lynna曼曼', 'f', '306', 'zh-cn', 0, '', 400, 5, '梁博'),
('1026561064', 'leo-李天元', 'm', '1031', 'zh-cn', 0, '', 34, 1, '梁博'),
('2788250227', '赵子淇-', 'f', '266', 'zh-cn', 0, '', 22, 1, '梁博'),
('1984190595', '美洲花栗鼠', 'm', '1463', 'zh-cn', 0, 'http://blog.sina.com.cn/u/1984190595', 400, 5, '梁博'),
('1731094101', 'JoshuaTreez', 'f', '279', 'zh-cn', 0, '', 400, 1, '梁博'),
('1789568427', 'love動人旋律', 'f', '367', 'zh-cn', 0, 'http://blog.sina.com/qing', 37, 17, '梁博'),
('2361226874', 'ccimu', 'm', '79', 'zh-cn', 0, '', 42, 1, '梁博'),
('1951369543', '芳姐旳闺女', 'f', '130', 'zh-cn', 0, '', 22, 1, '梁博'),
('1828778652', '杨优优YY', 'f', '91', 'zh-cn', 0, '', 100, 1000, '梁博'),
('1749772620', '恋猫情节SUMMER', 'f', '536', 'zh-cn', 0, '', 400, 22, '梁博'),
('2887693251', '手机用户2887693251', 'f', '20', 'zh-cn', 0, '', 100, 1000, '梁博'),
('1781197481', '石頭哥_李大雷', 'm', '516', 'zh-cn', 0, 'http://www.renren.com/profile.do?id=244078227', 61, 8, '梁博'),
('2654901970', 'HBZCOM', 'm', '175', 'zh-cn', 0, 'http://blog.sina.com.cn/u/2654901970', 44, 8, '梁博'),
('1082020085', '孙大峰', 'm', '3269', 'zh-cn', 1, '', 22, 1, '梁博'),
('2365696533', '笨笨的蛋蛋婷婷', 'f', '104', 'zh-cn', 0, '', 21, 1, '梁博'),
('2274679001', '李奕晗', 'm', '134', 'zh-cn', 0, '', 400, 1, '梁博'),
('2153829172', '我madeinchina', 'f', '314', 'zh-cn', 0, '', 400, 2, '梁博'),
('1729707311', 'Racolas', 'm', '4787', 'zh-cn', 0, '', 400, 1, '梁博'),
('1290313561', '在松手的城市', 'm', '227', 'zh-cn', 0, 'http://blog.sina.com.cn/zssdcs', 11, 5, '梁博'),
('2964079130', '哒呀呀', 'f', '52', 'zh-cn', 0, '', 31, 1, '梁博'),
('1752830953', 'freeegg_JONisVF', 'f', '421', 'zh-cn', 0, '', 400, 1, '梁博'),
('1247711124', '渝仙', 'm', '624', 'zh-cn', 0, '', 44, 3, '梁博'),
('2791665525', '雄狮人生之卷土重来', 'm', '207', 'zh-cn', 0, '', 41, 1000, '梁博'),
('1826972440', '向往两男一狗生活的可爱大豆芽', 'm', '1871', 'zh-cn', 0, '', 11, 5, '梁博'),
('2880083944', '区区天下', 'm', '153', 'zh-cn', 0, '', 22, 1, '梁博'),
('1935463923', '皓_Hal', 'm', '869', 'zh-cn', 0, 'http://blog.sina.com.cn/s/blog_4dcb832d010009fi.html', 37, 8, '梁博'),
('1863713655', 'LTP-肥钟', 'm', '535', 'zh-cn', 0, '', 44, 1000, '梁博'),
('1778520637', '劈哩啪啦碰碰碰', 'm', '10', 'zh-tw', 0, '', 71, 1, '梁博'),
('2494634572', '指尖艺术伤手', 'm', '1153', 'zh-cn', 0, 'http://blog.163.com/zp520shuang/', 44, 1, '梁博'),
('1762336074', '洋白白滕_夜貓', 'f', '241', 'zh-cn', 0, '', 12, 2, '梁博'),
('2785534494', 'bin---0311', 'm', '85', 'zh-cn', 0, '', 44, 3, '梁博');

-- --------------------------------------------------------

--
-- Table structure for table `music_love`
--

DROP TABLE IF EXISTS `music_love`;
CREATE TABLE IF NOT EXISTS `music_love` (
  `total` int(11) NOT NULL,
  `hits` int(11) NOT NULL,
  `keyword` varchar(30) NOT NULL
) ENGINE=InnoDB DEFAULT CHARSET=utf8;

--
-- Dumping data for table `music_love`
--

INSERT INTO `music_love` (`total`, `hits`, `keyword`) VALUES
(760, 237, '梁博'),
(177, 37, '金志文'),
(179, 57, '李代沫');

-- --------------------------------------------------------

--
-- Table structure for table `plots`
--

DROP TABLE IF EXISTS `plots`;
CREATE TABLE IF NOT EXISTS `plots` (
  `stat` int(10) NOT NULL,
  `date` date NOT NULL,
  `keyword` varchar(30) NOT NULL
) ENGINE=InnoDB DEFAULT CHARSET=utf8;

--
-- Dumping data for table `plots`
--

INSERT INTO `plots` (`stat`, `date`, `keyword`) VALUES
(83, '2012-09-01', '梁博'),
(55, '2012-09-02', '梁博'),
(56, '2012-09-03', '梁博'),
(46, '2012-09-04', '梁博'),
(49, '2012-09-05', '梁博'),
(40, '2012-09-06', '梁博'),
(46350, '2012-09-07', '梁博'),
(25956, '2012-09-08', '梁博'),
(14832, '2012-09-09', '梁博'),
(3708, '2012-09-10', '梁博'),
(1854, '2012-09-11', '梁博'),
(722, '2012-09-12', '梁博'),
(620, '2012-09-13', '梁博'),
(3708, '2012-09-14', '梁博'),
(1979, '2012-09-15', '梁博'),
(1854, '2012-09-16', '梁博'),
(5562, '2012-09-17', '梁博'),
(7416, '2012-09-18', '梁博'),
(1854, '2012-09-19', '梁博'),
(2057, '2012-09-20', '梁博'),
(3708, '2012-09-21', '梁博'),
(1448, '2012-09-22', '梁博'),
(552, '2012-09-23', '梁博'),
(486, '2012-09-24', '梁博'),
(463, '2012-09-25', '梁博'),
(401, '2012-09-26', '梁博'),
(432, '2012-09-27', '梁博'),
(118656, '2012-09-28', '梁博'),
(68598, '2012-09-29', '梁博'),
(441252, '2012-09-30', '梁博'),
(34447, '2012-09-01', '吴莫愁'),
(30821, '2012-09-02', '吴莫愁'),
(9065, '2012-09-03', '吴莫愁'),
(3626, '2012-09-04', '吴莫愁'),
(818, '2012-09-05', '吴莫愁'),
(716, '2012-09-06', '吴莫愁'),
(5439, '2012-09-07', '吴莫愁'),
(1813, '2012-09-08', '吴莫愁'),
(914, '2012-09-09', '吴莫愁'),
(492, '2012-09-10', '吴莫愁'),
(417, '2012-09-11', '吴莫愁'),
(319, '2012-09-12', '吴莫愁'),
(332, '2012-09-13', '吴莫愁'),
(961, '2012-09-14', '吴莫愁'),
(797, '2012-09-15', '吴莫愁'),
(637, '2012-09-16', '吴莫愁'),
(1813, '2012-09-17', '吴莫愁'),
(710, '2012-09-18', '吴莫愁'),
(3626, '2012-09-19', '吴莫愁'),
(2075, '2012-09-20', '吴莫愁'),
(105154, '2012-09-21', '吴莫愁'),
(45325, '2012-09-22', '吴莫愁'),
(32634, '2012-09-23', '吴莫愁'),
(30821, '2012-09-24', '吴莫愁'),
(14504, '2012-09-25', '吴莫愁'),
(7252, '2012-09-26', '吴莫愁'),
(3626, '2012-09-27', '吴莫愁'),
(76146, '2012-09-28', '吴莫愁'),
(41699, '2012-09-29', '吴莫愁'),
(387982, '2012-09-30', '吴莫愁'),
(567, '2012-09-20', '金志文'),
(924, '2012-09-21', '金志文'),
(711, '2012-09-22', '金志文'),
(516, '2012-09-23', '金志文'),
(412, '2012-09-24', '金志文'),
(358, '2012-09-25', '金志文'),
(299, '2012-09-26', '金志文'),
(280, '2012-09-27', '金志文'),
(1797, '2012-09-28', '金志文'),
(165620, '2012-09-29', '金志文'),
(241670, '2012-09-30', '金志文');

-- --------------------------------------------------------

--
-- Table structure for table `request`
--

DROP TABLE IF EXISTS `request`;
CREATE TABLE IF NOT EXISTS `request` (
  `id` int(100) NOT NULL AUTO_INCREMENT,
  `keyword` varchar(30) NOT NULL,
  PRIMARY KEY (`id`)
) ENGINE=InnoDB  DEFAULT CHARSET=utf8 AUTO_INCREMENT=4 ;

--
-- Dumping data for table `request`
--

INSERT INTO `request` (`id`, `keyword`) VALUES
(3, '李代沫');

-- --------------------------------------------------------

--
-- Table structure for table `users`
--

DROP TABLE IF EXISTS `users`;
CREATE TABLE IF NOT EXISTS `users` (
  `user` varchar(15) NOT NULL,
  `keyword` varchar(30) NOT NULL,
  `weibo` varchar(300) NOT NULL
) ENGINE=InnoDB DEFAULT CHARSET=utf8;

--
-- Dumping data for table `users`
--

INSERT INTO `users` (`user`, `keyword`, `weibo`) VALUES
('1762668841', '梁博', ''),
('2670990432', '梁博', ''),
('1709407564', '梁博', ''),
('2280847207', '梁博', ''),
('1305710744', '梁博', ''),
('2845301465', '梁博', ''),
('1872252072', '梁博', ''),
('1882374371', '梁博', ''),
('23177669', '梁博', ''),
('2010520257', '梁博', ''),
('1841817265', '梁博', ''),
('1730147173', '梁博', ''),
('1760038743', '梁博', ''),
('1663965387', '梁博', ''),
('2922878464', '梁博', ''),
('1661719944', '梁博', ''),
('1817607271', '梁博', ''),
('1790454961', '梁博', ''),
('1581414613', '梁博', ''),
('2674719852', '梁博', ''),
('2959878217', '梁博', ''),
('2492391630', '梁博', ''),
('1818837631', '梁博', ''),
('1651123177', '梁博', ''),
('2858684825', '梁博', ''),
('1841182263', '梁博', ''),
('2690091875', '梁博', ''),
('1653082874', '梁博', ''),
('1719269915', '梁博', ''),
('2079312171', '梁博', ''),
('2358135587', '梁博', ''),
('1867462335', '梁博', ''),
('1867924970', '梁博', ''),
('1269013144', '梁博', ''),
('1403263173', '梁博', ''),
('1272066223', '梁博', ''),
('2096655837', '梁博', ''),
('1401397535', '梁博', ''),
('1928296964', '梁博', ''),
('1360218623', '梁博', ''),
('2744059332', '梁博', ''),
('2638804742', '梁博', ''),
('1762901353', '梁博', ''),
('1317373275', '梁博', ''),
('2472994171', '梁博', ''),
('1882175060', '梁博', ''),
('2276735363', '梁博', ''),
('2784968342', '梁博', ''),
('2104283967', '梁博', ''),
('2281252070', '梁博', ''),
('1663965387', '梁博', ''),
('1649544174', '梁博', ''),
('1906916083', '梁博', ''),
('2796210691', '梁博', ''),
('1677052543', '梁博', ''),
('1459753194', '梁博', ''),
('1789617250', '梁博', ''),
('1836248872', '梁博', ''),
('2875330042', '梁博', ''),
('1266142022', '梁博', ''),
('2335524962', '梁博', ''),
('2056821867', '梁博', ''),
('2658550350', '梁博', ''),
('1169087225', '梁博', ''),
('1884660052', '梁博', ''),
('1712393940', '梁博', ''),
('2949326807', '梁博', ''),
('2135542160', '梁博', ''),
('2788250227', '梁博', ''),
('1100873394', '梁博', ''),
('2650814684', '梁博', ''),
('1768367794', '梁博', ''),
('2210872604', '梁博', ''),
('1925878451', '梁博', ''),
('1809872472', '梁博', ''),
('1797298094', '梁博', ''),
('1431358334', '梁博', ''),
('1663605352', '梁博', ''),
('2453443551', '梁博', ''),
('2413838661', '梁博', ''),
('2621682477', '梁博', ''),
('1766189970', '梁博', ''),
('2713983643', '梁博', ''),
('1876474091', '梁博', ''),
('1709561653', '梁博', ''),
('1188270373', '梁博', ''),
('1740896964', '梁博', ''),
('2212545391', '梁博', ''),
('2337823633', '梁博', ''),
('1888849423', '梁博', ''),
('2751594061', '梁博', ''),
('2807595650', '梁博', ''),
('2018583893', '梁博', ''),
('1775132870', '梁博', ''),
('2908765967', '梁博', ''),
('1764083764', '梁博', ''),
('1717621763', '梁博', ''),
('1944033405', '梁博', ''),
('1081721922', '梁博', ''),
('1783509197', '梁博', ''),
('1773418777', '梁博', ''),
('1853905463', '梁博', ''),
('2289232845', '梁博', ''),
('2584310412', '梁博', ''),
('2858684825', '梁博', ''),
('2696417572', '梁博', ''),
('2134263294', '梁博', ''),
('1729711174', '梁博', ''),
('1814551524', '梁博', ''),
('1590493381', '梁博', ''),
('2517206673', '梁博', ''),
('1692063730', '梁博', ''),
('1896101381', '梁博', ''),
('1886553874', '梁博', ''),
('2958552251', '梁博', ''),
('1986940751', '梁博', ''),
('1911717411', '梁博', ''),
('1864770583', '梁博', ''),
('1699460887', '梁博', ''),
('1953595967', '梁博', ''),
('1237199894', '梁博', ''),
('1556186722', '梁博', ''),
('1814516382', '梁博', ''),
('1520509641', '梁博', ''),
('2736682883', '梁博', ''),
('1773881811', '梁博', ''),
('1762634904', '梁博', ''),
('2480037361', '梁博', ''),
('2213718022', '梁博', ''),
('2038897057', '梁博', ''),
('1806443072', '梁博', ''),
('1843961553', '梁博', ''),
('1456333410', '梁博', ''),
('1568378387', '梁博', ''),
('1797156805', '梁博', ''),
('1930699171', '梁博', ''),
('1953086745', '梁博', ''),
('2332594964', '梁博', ''),
('1826089970', '梁博', ''),
('2958552251', '梁博', ''),
('1819770427', '梁博', ''),
('2651541140', '梁博', ''),
('1810812317', '梁博', ''),
('1759932007', '梁博', ''),
('1360649485', '梁博', ''),
('1829587552', '梁博', ''),
('1988761492', '梁博', ''),
('1732601067', '梁博', ''),
('1653657010', '梁博', ''),
('2788184670', '梁博', ''),
('2285500231', '梁博', ''),
('1761719750', '梁博', ''),
('1652886484', '梁博', ''),
('1572982071', '梁博', ''),
('1819685367', '梁博', ''),
('2344229765', '梁博', ''),
('2958411797', '梁博', ''),
('1979677677', '梁博', ''),
('1835622160', '梁博', ''),
('2008945405', '梁博', ''),
('2879747782', '梁博', ''),
('2624958670', '梁博', ''),
('2158174835', '梁博', ''),
('2689339417', '梁博', ''),
('1911551497', '梁博', ''),
('1675160912', '梁博', ''),
('2527925812', '梁博', ''),
('1766870125', '梁博', ''),
('2058454731', '梁博', ''),
('2951766863', '梁博', ''),
('1657569672', '梁博', ''),
('1739773237', '梁博', ''),
('2378481964', '梁博', ''),
('1876876457', '梁博', ''),
('1927302121', '梁博', ''),
('2929574334', '梁博', ''),
('1749610047', '梁博', ''),
('2485396301', '梁博', ''),
('1689652674', '梁博', ''),
('2320158863', '梁博', ''),
('1657722960', '梁博', ''),
('1722306897', '梁博', ''),
('1837368495', '梁博', ''),
('1788761571', '梁博', ''),
('2131895310', '梁博', ''),
('1879241603', '梁博', ''),
('1849259274', '梁博', ''),
('2144915661', '梁博', ''),
('1887760000', '梁博', ''),
('2365428830', '梁博', ''),
('2696514283', '梁博', ''),
('2757546863', '梁博', ''),
('2886900317', '梁博', ''),
('1795994825', '梁博', ''),
('1740701192', '梁博', ''),
('1596746091', '梁博', ''),
('2158965561', '梁博', ''),
('1776194731', '梁博', ''),
('2331590605', '梁博', ''),
('1731974495', '梁博', ''),
('2174983902', '梁博', ''),
('1573282314', '梁博', ''),
('2496129812', '梁博', ''),
('1936822380', '梁博', ''),
('1280358831', '梁博', ''),
('1215102862', '梁博', ''),
('1763955673', '梁博', ''),
('2133375101', '梁博', ''),
('1421585117', '梁博', ''),
('2259254215', '梁博', ''),
('1817695331', '梁博', ''),
('1907922295', '梁博', ''),
('2766479563', '梁博', ''),
('2117810925', '梁博', ''),
('2790536562', '梁博', ''),
('2079527985', '梁博', ''),
('1406359244', '梁博', ''),
('1990253661', '梁博', ''),
('2790534335', '梁博', ''),
('1574235374', '梁博', ''),
('1946899762', '梁博', ''),
('2329521520', '梁博', ''),
('1790223291', '梁博', ''),
('1707245745', '梁博', ''),
('1807676564', '梁博', ''),
('2974803275', '梁博', ''),
('2121100175', '梁博', ''),
('1723896562', '梁博', ''),
('1890738792', '梁博', ''),
('1393878681', '梁博', ''),
('1764564895', '梁博', ''),
('1277513707', '梁博', ''),
('2654740432', '梁博', ''),
('1771932997', '梁博', ''),
('1446775947', '梁博', ''),
('2775749973', '梁博', ''),
('2997740904', '梁博', ''),
('1223964423', '梁博', ''),
('2480037361', '梁博', ''),
('1611968334', '梁博', ''),
('1868357432', '梁博', ''),
('2308966102', '梁博', ''),
('2194369192', '梁博', ''),
('2005230073', '梁博', ''),
('2957563753', '梁博', ''),
('2001855581', '梁博', ''),
('2949326807', '梁博', ''),
('1420110282', '梁博', ''),
('1872428482', '梁博', ''),
('1824069907', '梁博', ''),
('1837005223', '梁博', ''),
('2524278820', '梁博', ''),
('1675036115', '梁博', ''),
('1772602627', '梁博', ''),
('2554241931', '梁博', ''),
('2951326312', '梁博', ''),
('1801638442', '梁博', ''),
('2920910627', '梁博', ''),
('1672631825', '梁博', ''),
('1951717837', '梁博', ''),
('1850380060', '梁博', ''),
('2127291173', '梁博', ''),
('1626108161', '梁博', ''),
('2506589435', '梁博', ''),
('1717010070', '梁博', ''),
('1719051142', '梁博', ''),
('2169105244', '梁博', ''),
('1859746490', '梁博', ''),
('1657394357', '梁博', ''),
('2847638054', '梁博', ''),
('1493474831', '梁博', ''),
('2088663107', '梁博', ''),
('2779727595', '梁博', ''),
('1851301075', '梁博', ''),
('2064556275', '梁博', ''),
('1263870742', '梁博', ''),
('1802439310', '梁博', ''),
('2625983887', '梁博', ''),
('2151697501', '梁博', ''),
('2151457560', '梁博', ''),
('1321395892', '梁博', ''),
('1442525454', '梁博', ''),
('1730885933', '梁博', ''),
('2380830931', '梁博', ''),
('2164516432', '梁博', ''),
('1073302440', '梁博', ''),
('1841817265', '梁博', ''),
('1632615150', '梁博', ''),
('1863653507', '梁博', ''),
('2338336375', '梁博', ''),
('1840108197', '梁博', ''),
('2580100540', '梁博', ''),
('2200332283', '梁博', ''),
('1863269144', '梁博', ''),
('1148037262', '梁博', ''),
('2438456250', '梁博', ''),
('1908288287', '梁博', ''),
('2295851483', '梁博', ''),
('2551013507', '梁博', ''),
('2551013507', '梁博', ''),
('1817253931', '梁博', ''),
('1820786497', '梁博', ''),
('1566543497', '梁博', ''),
('2210937982', '梁博', ''),
('1561782791', '梁博', ''),
('1608423301', '梁博', ''),
('1947094463', '梁博', ''),
('1502482003', '梁博', ''),
('1959151443', '梁博', ''),
('1620126654', '梁博', ''),
('1749766222', '梁博', ''),
('1654643367', '梁博', ''),
('1830990870', '梁博', ''),
('2979571484', '梁博', ''),
('1806666893', '梁博', ''),
('2142099163', '梁博', ''),
('1782803053', '梁博', ''),
('1220090505', '梁博', ''),
('1677127150', '梁博', ''),
('2645983612', '梁博', ''),
('2935876147', '梁博', ''),
('1146213294', '梁博', ''),
('1873459594', '梁博', ''),
('1904778721', '梁博', ''),
('2396237431', '梁博', ''),
('1785445683', '梁博', ''),
('2696575443', '梁博', ''),
('1663642525', '梁博', ''),
('2660051681', '梁博', ''),
('1934277504', '梁博', ''),
('1397160932', '梁博', ''),
('1815710247', '梁博', ''),
('1245893935', '梁博', ''),
('1967266714', '梁博', ''),
('1822243985', '梁博', ''),
('1772954590', '梁博', ''),
('1877201467', '梁博', ''),
('2640039381', '梁博', ''),
('1746914415', '梁博', ''),
('2570882917', '梁博', ''),
('1064396945', '梁博', ''),
('2005651175', '梁博', ''),
('1586764955', '梁博', ''),
('1046033922', '梁博', ''),
('1945406003', '梁博', ''),
('1956861942', '梁博', ''),
('1728810680', '梁博', ''),
('2140847853', '梁博', ''),
('1736126092', '梁博', ''),
('1026561064', '梁博', ''),
('2788250227', '梁博', ''),
('1984190595', '梁博', ''),
('1731094101', '梁博', ''),
('1789568427', '梁博', ''),
('2361226874', '梁博', ''),
('1951369543', '梁博', ''),
('1828778652', '梁博', ''),
('1749772620', '梁博', ''),
('2887693251', '梁博', ''),
('1781197481', '梁博', ''),
('2654901970', '梁博', ''),
('1082020085', '梁博', ''),
('2365696533', '梁博', ''),
('2274679001', '梁博', ''),
('2153829172', '梁博', ''),
('1729707311', '梁博', ''),
('1290313561', '梁博', ''),
('2964079130', '梁博', ''),
('1752830953', '梁博', ''),
('1247711124', '梁博', ''),
('2791665525', '梁博', ''),
('1826972440', '梁博', ''),
('2880083944', '梁博', ''),
('1935463923', '梁博', ''),
('1863713655', '梁博', ''),
('1778520637', '梁博', ''),
('2494634572', '梁博', ''),
('1762336074', '梁博', ''),
('2785534494', '梁博', ''),
('2007528460', '吴莫愁', ''),
('2681212592', '吴莫愁', ''),
('1705401802', '吴莫愁', ''),
('2176165514', '吴莫愁', ''),
('2703295143', '吴莫愁', ''),
('2265405567', '吴莫愁', ''),
('1942680864', '吴莫愁', ''),
('2062960905', '吴莫愁', ''),
('1866889393', '吴莫愁', ''),
('1733221182', '吴莫愁', ''),
('1770193843', '吴莫愁', ''),
('2414504761', '吴莫愁', ''),
('1678433712', '吴莫愁', ''),
('1738978194', '吴莫愁', ''),
('1886576091', '吴莫愁', ''),
('2269644353', '吴莫愁', ''),
('1270298664', '吴莫愁', ''),
('1892475711', '吴莫愁', ''),
('1249326567', '吴莫愁', ''),
('2234502540', '吴莫愁', ''),
('2139133112', '吴莫愁', ''),
('1810097207', '吴莫愁', ''),
('1961774013', '吴莫愁', ''),
('1047147627', '吴莫愁', ''),
('1627346091', '吴莫愁', ''),
('2792805213', '吴莫愁', ''),
('2011040980', '吴莫愁', ''),
('2392464632', '吴莫愁', ''),
('1686614011', '吴莫愁', ''),
('1794854705', '吴莫愁', ''),
('1911366027', '吴莫愁', ''),
('2190138900', '吴莫愁', ''),
('1171379755', '吴莫愁', ''),
('2717738303', '吴莫愁', ''),
('1900075003', '吴莫愁', ''),
('1783036545', '吴莫愁', ''),
('1846333942', '吴莫愁', ''),
('1897850134', '吴莫愁', ''),
('2139391815', '吴莫愁', ''),
('1903991637', '吴莫愁', ''),
('1400301550', '吴莫愁', ''),
('1807732554', '吴莫愁', ''),
('1937307777', '吴莫愁', ''),
('1738125734', '吴莫愁', ''),
('2093959933', '吴莫愁', ''),
('1595358532', '吴莫愁', ''),
('1789414804', '吴莫愁', ''),
('1762668841', '吴莫愁', ''),
('1583672957', '吴莫愁', ''),
('2100915527', '吴莫愁', ''),
('1072464422', '吴莫愁', ''),
('2139133112', '吴莫愁', ''),
('1687417723', '吴莫愁', ''),
('2462563782', '吴莫愁', ''),
('2253736564', '吴莫愁', ''),
('1775727021', '吴莫愁', ''),
('1787352415', '吴莫愁', ''),
('2337271267', '吴莫愁', ''),
('2476137852', '吴莫愁', ''),
('1040919581', '吴莫愁', ''),
('1747043100', '吴莫愁', ''),
('1308414787', '吴莫愁', ''),
('2697740955', '吴莫愁', ''),
('1340283317', '吴莫愁', ''),
('2805429215', '吴莫愁', ''),
('2758982973', '吴莫愁', ''),
('1363457701', '吴莫愁', ''),
('2138976455', '吴莫愁', ''),
('2010520257', '吴莫愁', ''),
('1728734861', '吴莫愁', ''),
('2078786863', '吴莫愁', ''),
('1897709034', '吴莫愁', ''),
('1717772703', '吴莫愁', ''),
('2036813234', '吴莫愁', ''),
('1853464163', '吴莫愁', ''),
('1886117902', '吴莫愁', ''),
('2257566337', '吴莫愁', ''),
('1509168334', '吴莫愁', ''),
('2014089010', '吴莫愁', ''),
('1744691327', '吴莫愁', ''),
('1809662794', '金志文', '从《为爱痴狂》到《没那么简单》唱得好！【金志文《没那么简单》 中国好声音 】'),
('2045844281', '金志文', '#HTC悦动好声音#哇~~~我最爱的金志文最适合HTC One SC了！时尚格调，双网双待，就是这么有风格~~~你们也来看看你喜欢的中国好声音学员适合哪款手机吧！每天还有中国好声音的决赛入场券送哦~~~'),
('1869795175', '金志文', '对@金志文-GT 说：我想问下，你是不是真得输比关吉吉啊，什么时候比赛？？？'),
('1063267337', '金志文', '喜欢多亮，喜欢关喆，喜欢平安，喜欢金志文，喜欢张赫宣。我怎么喜欢这么多。可我就是喜欢他们，他们每个人代表了一个鸡爪子，为了喜欢他们，我刚刚吃掉5个鸡爪。好吧。我在养秋膘。'),
('1650765845', '金志文', '"金志文-为爱痴狂-中国好声音4.mp3"'),
('2063327225', '金志文', '金志文，也太棒了吧开始理解为什么他女朋友听他唱歌后倒追'),
('2793927047', '金志文', '@金志文-GT 孜孜不倦死心塌地'),
('2598035381', '金志文', '【中国好声音官方网站 -The Voice Of China_参赛选_手个人主页_金志文】 (分_享自'),
('1824195697', '金志文', '又听了遍金志文的《为爱痴狂》，满是感动啊、、还有他与她女朋友相爱8年，太不容易了。'),
('2165832117', '金志文', '才发现 金志文 关喆 权振东都是吉林市的啊 梁博是长春的~~~好吧 我很激动 以前什么快女快男啊东北成绩都不好吧 这次 好厉害！ 加油！！@XIA-夏努力不溜号 @天天天啨'),
('1804568963', '金志文', '@Lukaliling-晓玲 说了要at你..实在太给力了.~金志文-中国好声音..极力支持啊~'),
('2496508845', '金志文', '今天周四，明天就是周五，这可不是废话！因为明天就有好声音啦！平安、多亮、金志文、梁博，还会听到让人落泪的歌吗？期待！这盛开的霸王梅送给 @旅行的坚果 这是哪跟哪啊？！你懂！此行安顺快乐！'),
('1850036931', '金志文', '【视频：金志文《没那么简单》 中国好声音 120914 标清版】 （分享自 @优酷网）'),
('2608917500', '金志文', '郭一凡的我期待。金志文的为爱痴狂 我在:'),
('2652137864', '金志文', '我感觉金志文唱《为爱痴狂》 太好听了，听了一遍有一遍，用心去唱歌的，他为她女朋友唱的歌,太感人了'),
('1191729244', '金志文', '《左眼皮跳跳》是金志文唱的！瞬间穿越感满格！'),
('1758324943', '金志文', '看了上一期的中国好声音，瞬间被治愈了我果然还是喜欢平安和金志文'),
('1725031485', '金志文', '金志文'),
('1421674857', '金志文', '中国好声音16强这么多东北的，关喆、吴莫愁、金志文、权振东、梁博…… 我在:'),
('1985487485', '金志文', '#HTC悦动好声音#哇~~~我最爱的金志文最适合HTC One ST了！风尚设计、双网双待，就是这么自信~~~你们也来看看你喜欢的中国好声音学员适合哪款手机吧！每天还有中国好声音的决赛入场券送哦~~~'),
('1985487485', '金志文', '#HTC悦动好声音#哇~~~我最爱的金志文最适合HTC One ST了！风尚设计、双网双待，就是这么自信~~~你们也来看看你喜欢的中国好声音学员适合哪款手机吧！每天还有中国好声音的决赛入场券送哦~~~'),
('1740324545', '金志文', '金志文，越听越喜欢！'),
('2455046504', '金志文', '可气的人骗人，自然有他可狠之处，理所应当！可怜的人骗人，十恶不赦！令人发指！金志文这个大骗子'),
('2356456345', '金志文', '金志文的没那么简单太棒了 我在:'),
('1765408217', '金志文', '杨坤队总体水平明显低于其他三队啊，而且现在已经不完全看声音了，没劲啊。杨坤组里我就希望金志文走到最后，其他人爱咋咋地'),
('2538704975', '金志文', '中国好声音 四强名单是关喆、权震东、吴莫愁、梁博.在这份名单中，包括吉克隽逸、张玮等众多被观众看好的选手最终未能前进；刘欢组此前呼声最高的吉克隽逸最终败给了权振东；而在杨坤组的内战中，关喆击败了金志文；那英组梁博力压人气火爆的张玮；庾澄庆组，小魔女吴莫愁则将金池击败...”'),
('2515048083', '金志文', '@中国好声音 我喜欢金志文，他的歌声总能让我有种想哭的感觉，特别喜欢他唱的为爱痴狂！'),
('1922159013', '金志文', '@12蝎丫头25 那个微博我应该是从好声音官方微博上关注的，就没看加没加V，这个号才是他的，加V的@金志文-GT'),
('2415996245', '金志文', '金志文-的声音和杨-坤真的很像-呢。。'),
('1728074941', '金志文', '时间可以证明一对恋人的忠诚度。送上中国好声音金志文歌曲《八年》 （分享自 @56网）'),
('1799724150', '金志文', '我在爱奇艺高清影视看了 《曹寅、金志文《走四方》》, （分享自 @爱奇艺）'),
('2391863255', '金志文', '#天天分享# 金志文-为爱痴狂 (分享自 TTPod)'),
('2801496894', '金志文', '【视频：中国好声音为爱痴狂金志文高清版】 （分享自 @优酷网）小样就是这样'),
('2167453524', '金志文', '金志文的【八年】特别特别特别好听，有没有完整版太好听啦！！！'),
('2377944242', '金志文', '#HTC悦动好声音#哇~~~我最爱的金志文最适合HTC One SU了！双核大屏、双待双通，就是这么乐活~~~你们也来看看你喜欢的中国好声音学员适合哪款手机吧！每天还有中国好声音的决赛入场券送哦~~~'),
('1625752763', '金志文', '权振东跟梁博让我一点印象也没的。。。为什么不是平安跟金志文？！还有我喜欢丁少华啊啊啊啊啊啊！'),
('2158837310', '金志文', '我的四强：权振东，张玮，关喆，金志文！'),
('2829207361', '金志文', '嗯哼,怪不得,金志文那么棒,突然发现,《左眼皮跳跳》和《难以启齿的柔弱》都是他唱的,不错不错,想当初,还当过手机铃声~哈哈,'),
('1878722872', '金志文', '中国好声音《十大金曲》_03.flv 还是最喜欢 @金志文-GT 的为爱痴狂'),
('2304226930', '金志文', '自从金志文唱了他改编的为爱痴狂，就觉得这首歌好好听！这两天一直在哼，想要问问你敢不敢像你说的那样爱我，想要问问你敢不敢像我这样为爱痴狂~~'),
('1673690871', '金志文', '综合各小道消息，好声音的四强应该是吉克隽逸、吴莫愁、金志文、梁博。希望不准吧。。。'),
('2003336781', '金志文', '#酷狗音乐# 分享一首歌曲: 《金志文 - 为爱痴狂》 “中国好声音第4期 金志文 的“为爱疯狂”...bu zen me gan dong...”'),
('2289497543', '金志文', '金志文的《为爱痴狂》听一次感动一次，真的唱出了那份感情'),
('1733540095', '金志文', '今晚循环听金志文「为爱痴狂」「没那么简单」，怎么能有人在原本平淡的歌里放入如此浓浓的情，又如此真挚，感动到不行'),
('2074529107', '金志文', '““中国好声音四强名单留出：权振东，关喆，梁博，吴莫愁，权振东一黑到底，金志文惜败关喆，梁博力斩张炜多亮，吴莫愁一枝独秀，中国好声音演变成东北好声音。”'),
('1286503597', '金志文', '#中国好声音四强曝光#我选择对四强很失望！张玮...平安...金志文... 矮油，到底还要不要看下去呢...如果剧透是真滴话'),
('1891738341', '金志文', '＿想要问问你敢不敢～像你说过的那样的爱我～像我这样为爱痴狂～到底你会怎么想～；太喜欢金志文那版本的《为爱痴狂》我听了都想哭哈哈！…虽然不知道那种感情由谁而来…就是那种感觉…好声音。！@中国好声音'),
('2805810711', '金志文', '【视频：金志文 为爱痴狂 中国好声音 120803】 （分享自 @优酷网）'),
('2292248895', '金志文', '听@金志文-GT 的歌 有种想哭的冲动'),
('1926584804', '金志文', '@JPM-M-Amber 这个也超级好听！！！改编版的！！！我在爱奇艺高清影视看了《金志文《为爱痴狂》》 （分享自 @爱奇艺）'),
('2414031080', '金志文', '@金志文-GT 听你唱歌让我能整个人安静！喜欢~太喜欢你的风格~~~加油 加油！'),
('2219716153', '金志文', '中国好声音 四强名单是关喆权震东吴莫愁梁博.在这份名单中，包括吉克隽逸、张玮等众多被观众看好的选手最终未能前进；刘欢组此前呼声最高的吉克隽逸最终败给了权振东；而在杨坤组的内战中，关喆击败了金志文；那英组梁博力压人气火爆的张玮；庾澄庆组，小魔女吴莫愁则将金池击败 我的张炜 吉克隽逸'),
('1992872421', '金志文', '循环跟唱着金志文的 为爱痴狂，呆子不愿睡觉十一回去，我们去K锅@望海栀子'),
('2731745043', '金志文', '爱死了，金志文。 我在#黄山学院北区#'),
('1108224617', '金志文', '#百度音乐!#分享_没那么简单_金志文_百度音乐 与我同行 （分享自@百度音乐 Iphone客户端)'),
('1958120501', '金志文', '金志文女友曾连续4年跟他提分手-    -辽宁新闻-北国网'),
('1427170467', '金志文', '在补看上周五的好声音 每次听金志文唱歌 都会鼻子酸酸 是因为歌还是因为声 我已经分不清楚了 “为爱痴狂”真是“没那么简单”'),
('1821816341', '金志文', '最近超喜欢看＜中国好声音＞！！既感动又喜悦！最喜欢杨坤那一组！有丁丁，金志文，还有惜别的@丁少华 ！加油丁少华！超喜欢！'),
('1660279384', '金志文', '听见过心碎的声音；看到过动人的浪漫；感受过认真的全心全意……然后，一切是回忆，他们成过客。听平安唱《洋葱》会鼻酸流泪，听金志文唱《没那么简单》会感慨万千，花与千树的故事么？'),
('1504013464', '金志文', '金志文的舞台表现力并不强，但是声音好有磁性，可以唱进你的心里。为爱痴狂可以让我听到落泪，多年前只有许茹芸的一首我依然爱你让我流泪。没那么简单，其实，真的没那么简单～ 我在:'),
('1970097742', '金志文', '我参与了@微博新鲜事 的投票【好声音16强你最看好谁？】，我投给了“金志文”，你也快来表态吧！'),
('2178625803', '金志文', '《中国好声音》精华版 金志文《没那么简单》舞台高歌PK丁少华 成功夺取第三个黄金席位'),
('1671138761', '金志文', '我刚刚参加了#HTC悦动好声音#评选活动，投了金志文 一票。 9月30日前投票还有机会赢取HTC悦动大奖哦~~~One S全新系列手机、Beats Solo、蓝牙谜声飞碟，好礼赢不停！你也快去为喜欢的中国好声音学员投票吧，助TA成为HTC悦动音效大使！'),
('2889924703', '金志文', '感觉好喜欢金志文的声音。。。。特别是翻唱《没那么简单》。。。'),
('1659692135', '金志文', '@atc_mgz 就是这个~【视频：中国好声音第四期 金志文为爱痴狂感动杨坤[高清]】 （分享自 @优酷网）'),
('1938982802', '金志文', '二丫@.....哈哈 我无可救药的喜欢上了你啦 @金志文-GT 一首《为爱痴狂》 和你以前的歌比起来 你成熟多了 左眼皮跳跳 难以启齿的柔弱 哈哈 有那么好的女朋友 好好的走下去 希望你的歌途越来越宽'),
('1735121911', '金志文', '好声音提前曝出来的四强名单没敢看，我和胖书今晚投票选出了我俩心中的四强，吉克隽逸 平安 张玮 金志文。书哥一彝族同事是吉克隽逸她妈妈的学生，胜天湖郊游那次唱的就是彝族歌曲，彝族歌真好听，哪天拜师学两首去'),
('1586791705', '金志文', '【视频：金志文 为爱痴狂】'),
('1355742707', '金志文', '沙漠地巴丹附近住着位给别人打工的牧民，他的娱乐是听音乐，想象着他听着类似小娟的音乐在深不可测的黑夜……心灵那是要多么的清澈呢？有时想中国好声音为什么会火呢？也许是一些歌手比如云杰唱鸿雁，梁博唱长安，金志文唱改编的为爱痴狂，的确唱出了人们内心所尊崇的一份发自内心，无比真诚的声音吧。'),
('1889838381', '金志文', '《好声音加场导师考核 杨坤组完整版》, 金志文唱那首《没那么简单》感动了我！有种想哭的感觉......'),
('1758201591', '金志文', '原来我一直厌恶的金志文比徐海星还能演。其实人家还担任过杨坤专辑的制作人，还合作了什么《兄弟》，人家早就资深音乐人了，比憨厚的关某人还强力的，选杨坤组的都苦逼啊，那么多关系户。中国好声音应该改叫中国奥斯卡。'),
('1768559202', '金志文', '支持金志文那个八年太好听了'),
('2633845052', '金志文', '【视频：金志文《没那么简单》】 （分享自 @优酷网）'),
('1985453811', '金志文', '最近看中国好声音比较入迷~推荐两首好听加感人的歌：丁丁(爱要坦荡荡)，金志文(为爱痴狂) 丁丁的歌太能调节心情了，一听就开心了~哎呀那首为爱痴狂简直唱神了~有木有哪位男士为我也去唱一首啊~谁为我唱我就嫁谁女士除外！@cccnicole912 @Minipengpeng @冰与水的自由人 @鬼马靖灵 @小小熊Alisa'),
('1803022763', '金志文', '每次听金志文版的为爱痴狂都特别的感动 激动 ，比奶茶唱得更加让人有感触'),
('2061422731', '金志文', '#HTC悦动好声音#哇~~~我最爱的金志文最适合HTC One ST了！风尚设计、双网双待，就是这么自信~~~你们也来看看你喜欢的中国好声音学员适合哪款手机吧！每天还有中国好声音的决赛入场券送哦~~~'),
('2815898411', '金志文', '这就是一个巧合，这就是一份感动，这更加是一个惊喜，我很幸运， 金志文的母亲，明月阿姨，我们认识半个月了，我会常常给您打电话问候您的， 期待参加小文哥的婚礼 我在:'),
('2028849553', '金志文', '金志文《为爱痴狂》，不经意间点开，于是就是一遍又一遍，越来越感动，听出眼泪来了。'),
('2028849553', '金志文', '金志文《为爱痴狂》，不经意间点开，于是就是一遍又一遍，越来越感动，听出眼泪来了。'),
('1736532917', '金志文', '一直循环听金志文的歌。都要听哭了。想要问你想不想。想要问你敢不敢'),
('1674330217', '金志文', '楊32帥的隊的組合錶演…讓我多了好多聽的歌…例如我最近常聽的…走四方…金志文唱的好好聽…小曹衕學也是…'),
('1724903491', '金志文', '老实交代，你 @束码映像 和金志文到底什么关系啊？唱一曲“好哥俩，一起走~说好一生不分手”！@愉翔 @王卫平视觉 @魔女Nina'),
('2166516395', '金志文', '#中国好声音四强曝光#我选择对四强很失望！搞笑啊？要是真这结果还看个毛啊，金志文平安多亮张伟丁丁都没了？'),
('1176231071', '金志文', '酷毙了，今晚刷牙的时候飘到老郑房里，他开着pad一天听着金志文的#为爱痴狂#一边写歌词，很执着有木有。。。。金志文这货太幸福了，有这么好的女朋友！！！！！！！ 我在:'),
('2682395254', '金志文', '难以启齿的柔弱－－金志文 好听！ 好声音里最喜欢金志文的声音'),
('2282235664', '金志文', '好听！~~【视频：金志文 八年】 （分享自 @优酷网）'),
('1809790537', '金志文', '#中国好声音#太爱金志文了 听了一遍又一遍 我在#郑州轻工业学院#'),
('275788088', '金志文', '【视频：金志文《为爱痴狂》120803 中国好声音】 （分享自 @优酷网）'),
('1784683094', '金志文', '[金志文丁少华 120914 中国好声音]'),
('1309528961', '金志文', '#剧透# 明晚你还会看吗？四强里没一个我喜欢的。中国好声音四强：那英组，张赫宣淘汰，张玮PK掉多亮，最后输给梁博；杨坤组，丁丁首轮淘汰，金志文PK掉平安，最后输给关喆；刘欢组，徐海星首轮淘汰，吉PK掉袁，最后输给权；哈林组，大山淘汰，王PK掉金，最后输给吴莫愁 。'),
('2680973443', '金志文', '有喜欢金志文的么？唱腔，咬字，转音，好听到爆，让我想起了当年星光的萧敬腾，唯一不同的是，萧的歌让人激动，听多会腻，金的歌让人感动，直探心底，看好金志文！'),
('1900039441', '金志文', '看金志文唱没那么简单好有感觉，几遍都不会厌，有故事的男人啊，呵呵'),
('1690557184', '金志文', '今晚终于有机会把上周没看完的好声音看完。平安，金志文，真的很好，唱到我伤心。'),
('1991662041', '金志文', '今天教师音乐会有个男老师演唱了金志文老师的《开花的树》，真的太好听了！！给文文加个油！！可是网上好难找到原唱。想听哦...@金志文-GT 我在#长春大学公寓#'),
('2479117671', '金志文', '金志文太可爱了啊!!'),
('2128694753', '金志文', '突然间想听金志文的为爱痴狂'),
('1728260685', '金志文', '好声音四强:梁博！吴莫愁！吉克隽逸，金志文！不知道真假？丁丁真的漂亮，不知道为什么还要比赛！十六强不就挺好的啦吗？当初四个导师可是都承诺学员的！'),
('1734161015', '金志文', '金志文的声音怎么可以这么压抑，好喜欢！'),
('2597421837', '金志文', '@金志文-GT 说：什么时候出一首完整的为爱痴狂。'),
('2756895717', '金志文', '金志文-八年(补送求婚礼物) （分享自 @56网）找不到完整版的，想听的时候只能看看视频了，喜欢听八年的朋友们快转吧！'),
('2400187405', '金志文', '中国好声音官方网站 The Voice Of China_参赛选手个人主页_金志文'),
('1640569810', '金志文', '权振东 多亮 金志文 关喆'),
('1651806404', '金志文', '#中国好声音四强曝光#权振东，梁博，金池，金志文'),
('1889750655', '金志文', '《为爱痴狂》金志文，，，跟奶茶不一样的味道，也有着不一样的感动，，真的听哭了，，，'),
('1781300417', '金志文', '刚刚把杨坤组看完，三个该选出来的强男都选出来了，关吉吉不用说了，金志文就象刘欢说的，比前面唱的更好，平安在选拔的时候，一开口那极富穿透力的高音，我认为四个老师都会拍，刘欢怎么就没按'),
('1867186292', '金志文', '再来说说几个不太喜欢的：1、小王子李维真，这个王子一长得太矮太丑一点都没气质，二唱歌总是一副怒气冲冲的感觉，让人不舒服。2、关喆，明明小有名气的歌手了，还要来凑热闹炒作，他的歌里我真的听不出什么感情，炫技太多。3、金志文，就是不喜欢他的声音，听着就难受，说到北漂就哭哭啼啼，受不了。'),
('1999577615', '金志文', '特喜欢金志文的《没那么简单》'),
('2171781912', '金志文', '不停在回味着金志文唱《为爱痴狂》，真的很感动，声音正爆了，爱惨了！！'),
('1749076760', '金志文', '对@金志文-GT 说：有空来海口演出，有机会合作！'),
('2144419510', '金志文', '唉。。。金志文挂了。。。败给关喆认了。。。'),
('1616784323', '金志文', '之前没看 金志文的为爱痴狂太好听了 呜呜呜@小陌儿-媛儿 @EJU-吴超mp3'),
('2813263817', '金志文', '翻看了金志文盲选时唱的《为爱痴狂》，我这个不懂音乐的人确实也不知道和那么多好声音相比他唱得好在哪里，可是却被这个视频感动，金志文在台上哭、杨坤在台下哭、我在电脑前哭.....感性的人都是善良的人吧？祝福小金和他的女朋友！喜欢真实、感性的杨老师！@杨坤'),
('2638515237', '金志文', '金志文的声音真的很好听，我喜欢！'),
('1728480745', '金志文', '喉咙痛、头痛、犯恶心、起痘、小腿点点青紫……把整年的急都着了，怎一“疲惫”形容（游天星桥ing刚钻过石洞）好声音特喜欢杨坤队中4成员（丁丁、平安、金志文、关喆），希望有个好的结局@2rd2none'),
('2166056867', '金志文', '听完好声音最好一场考核，平安和金志文的片断，倒回头听了好几遍，不错！！'),
('1267988674', '金志文', '百听不厌的这首，可以听到泪流。 金志文《没那么简单》'),
('2558456501', '金志文', '【视频：金志文-为爱痴狂(含见证求婚片断)】 （分享自 @优酷网） 落对注赢一局，选对人赢一世。@mark'),
('2723304855', '金志文', '金志文《没那么简单》  UP主：每天读一点哲学 @YJJ-木木- 到时唱给你听'),
('1891267055', '金志文', '靠，原来金志文是唱《左眼皮跳跳》的那个家伙！'),
('1640658637', '金志文', '看中国好声音全部转身的剪辑ing 不过我觉得还是金志文的《为爱痴狂》能把我唱哭！@陛下最帅的瓦斯弹'),
('1589963951', '金志文', '文培门烁姑娘飞鸽传贴：帮主华公子诚邀阁下和品牌门兄弟，今夜在中都一聚。江湖有云：文化盖地虎，培训镇河妖，文培门势力日增，值得深交，遂率众赴会。宴罢，麦霸们学金志文唱为爱痴狂，唱到哭且次第晕厥。'),
('1268227080', '金志文', '#中国好声音# 喜欢莫愁……金志文也不错…… 我在:'),
('1080453914', '金志文', '金志文的为爱痴狂，李代沫的如果没有你，多亮的等你爱我，郑虹的someone like you，刘悦的寂寞先生，关喆的领悟，权振东的人质，王乃恩的慢慢，平安的洋葱，李行亮的涛声依旧，云杰的鸿雁。注：以上为我个人最喜欢的好声音，而且排名分先后顺序。欢迎各位@。@中国好声音'),
('2513327590', '金志文', '我正在欣赏 金志文 的 没那么简单 (分享自 #酷我音乐2012# @酷我音乐)'),
('1926687167', '金志文', '@中国好声音#喜欢个子不高，带着斯文眼镜的金志文，小文的歌声有太多故事，让人感动的落泪，小文加油'),
('1913675205', '金志文', '#中国好声音# 五大煽情金曲合集，今夜为你献上。曹寅《会呼吸的痛》、张韵壹《不了情》、金志文《为爱痴狂》...一首首动人情歌，由好声音选手倾情演唱，现在，就让我们一起来回味一下这些好歌吧~'),
('2294540194', '金志文', '#中国好声音四强曝光# 喜欢丁丁和金志文，你们呢'),
('1684970805', '金志文', '我爱上了 金志文。。。唱的太深情了。。'),
('2445086184', '金志文', '喜欢金志文和曹寅唱的走四方。'),
('1686108442', '金志文', '吴莫愁,丁丁,金志文,大山,吉克隽逸,张玮,平安。剩下的里面我喜欢这些!'),
('2025227567', '金志文', '重看#中国好声音##杨坤#组的考核，汪峰和黄勇开场的＜北京，北京＞非常好听啊，最喜欢的是＜Move like Jagger&gt;、＜迷宫＞、＜洋葱＞，喜欢丁少华、平安、金志文！'),
('1031309172', '金志文', '#中国好声音#四强名单是关喆、权震东、吴莫愁、梁博.在这份名单中，包括吉克隽逸、张玮等众多被观众看好的选手最终未能继续前进：刘欢组此前呼声最高的吉克隽逸最终败给了权振东；而在杨坤组的内战中，关喆击败了金志文；那英组梁博力压人气火爆的张玮；庾澄庆组，小魔女吴莫愁则将金池击败】 邪乎'),
('1765227291', '金志文', '太喜欢听#金志文#唱歌了！'),
('2604165541', '金志文', '好声音剧透，不知道是真还是假啊。权振东刘欢师徒一黑到底，关喆吴莫愁两妖闯进四强。吉克隽逸败权振东，金志文惜败关喆。吴莫愁奋力斩金池，梁博摇滚灭掉张纬。权刘关吴闯进四强。'),
('1752626975', '金志文', '强烈推荐 金志文，《想念你》，一贯风格，娓娓道来，副歌爆发'),
('2046633263', '金志文', '谁不想自在如风，可大多时候生活的重担就是压得抬不起头，为这些责任作出的所有牺牲和忍耐，哪怕累死在路上，在自己的世界里或许也是一种自在。所以，看到中国好声音里金志文说到编曲真的很累，很累，然后忍不住大哭的画面，我觉得好笑又辛酸。'),
('2574901711', '金志文', '【金志文 为爱痴狂 中国好声音 120803 】 (分享自'),
('1639764971', '金志文', '金志文版的《为爱痴狂》和刘若英版的简直就是两首歌，这才叫自己的风格啊！'),
('2714823880', '金志文', '喜欢金志文，今天听了一天平安的洋葱，又是觉得很感动，好声音，真是让人着迷！'),
('2513217337', '金志文', '分享高清MV 中国好声音第十期 杨坤组7进4 金志文《没那么简单》-金志文'),
('1428446547', '金志文', '【视频：金志文《没那么简单》 中国好声音 120914 标清版】 （分享自 @优酷网）'),
('2806657850', '金志文', '好声音最喜欢金志文 要是他出专辑 我会买一张'),
('1925342223', '金志文', '听说中国好声音四强名单是关喆、权震东、吴莫愁、梁博。刘欢组此前呼声最高的吉克隽逸最终败给了权振东；而在杨坤组的内战中关喆击败了金志文；那英组梁博力压人气火爆的张玮；庾澄庆组吴莫愁则将金池击败。我就说吧，再好看的选秀到了最后也是一个样子！！@_喜峰同學 @林小北Yvaine'),
('1783875397', '金志文', '没那么简单。第一版许公子演绎滴。磁性。伤感。唱到心底。流着泪。金志文滴版本。好听。却没打动偶。木有为爱痴狂那木狂。那木泪奔。看好声音第一次滴泪为他流。。。要能有个约。听个现场滴就赞呐。'),
('2157632812', '金志文', '那個叫金志文的男孩唱的歌為甚麼總能touch me.'),
('1645982132', '金志文', '我在 #百度音乐盒# 听了金志文的一首歌《没那么简单》，来听听看吧 ♪'),
('1727297895', '金志文', '听金志文的没那么简单，会听哭人的啊，太爱这声音啦'),
('2495458180', '金志文', '好声音，支持平安，多亮，张赫宣，金志文。太有特色了！@中国好声音微吧'),
('2196537324', '金志文', '《中国好声音》真不错，平安的《洋葱》比杨宗纬五月天唱的都好，金志文的《为爱痴狂》很让人感动，刘悦的《寂寞先生》唱的让我差点哭了，''我可以无……所谓''，好，非常好，有些声音确实不错，但没什么感动，纯飙高音没前途的，明天看直播，支持杨坤，哈哈！'),
('1416704955', '金志文', '回看杨坤组，唯一能唱动情的只有金志文了，其他的………………'),
('1960065473', '金志文', '分享一首来自酷狗音乐的歌曲:金志文 - 为爱痴狂（分享自 #手机酷狗# 安卓版）'),
('2145568647', '金志文', '你妹啊，好声音四强竟然没有平安，晕死。。。弄得老娘都不想看了，为毛平安会被金志文PK掉，晕晕晕。。。他不就是个写歌的么，唱功和平安差的老远老远了好吧！哼哼哼哼哼哼哼哼。。。。'),
('2704829092', '金志文', '真的是这样吗？？？ 好声音四强：那英组，张赫宣首轮淘汰，张伟PK掉多亮，最后输给了梁博；杨坤组，丁丁首轮淘汰，金志文PK掉平安，最后输给了关喆；刘欢组，徐海星首轮淘汰，吉克隽逸PK掉袁娅维，最后输给了权振东；哈林组，大山首轮淘汰，王韵壹PK掉金池，最后输给了吴莫愁。'),
('2260362947', '金志文', '《中国好声音》独家策划 好声音16强选手金曲合辑 （分享自 @搜狐视频）太爽了，超级喜欢HIP HOP男孩，也喜欢金志文'),
('1642564447', '金志文', '【金志文《没那么简单》PK丁少华】 金志文，有种！我喜欢。不知道大家发现没有，大凡选手去比赛的歌曲都是比较偏僻的，因为那种歌可以免去和原唱的对比，而金志文两次都是唱绝对经典，绝对红的歌曲，而且硬是唱出来自己风格和感觉，打动专业的评委，感动不专业的普通观众，我喜...'),
('2288745933', '金志文', '#中国好声音四强曝光# 喜欢金池，无莫愁，金志文，关喆！'),
('1591192510', '金志文', '几位导师像在说群口《中国好声音》第四期20120803 金志文高歌浪漫求婚 四导师当见证人 （分享自 @搜狐视频）'),
('1591192510', '金志文', '几位导师像在说群口《中国好声音》第四期20120803 金志文高歌浪漫求婚 四导师当见证人 （分享自 @搜狐视频）'),
('1629458852', '金志文', '趁吃饭的空闲再看了一次@中国好声音 的杨坤组考核。32战袍太抢镜。金志文越看越像韩寒 丁少华的造型越看越像花轮同学。'),
('1797011254', '金志文', '好声音最终四强:梁博、关喆、权振东、吴莫愁。第一组张赫宣首被淘汰，张伟击败多亮，最后输给梁博。二组，丁丁当被淘汰，金志文击败平安最终输给关喆，三组徐海星首被淘汰，吉克隽逸击败袁娅维，最终输给权振东，四组大山首被淘汰，王韵壹击败金池，最终输给吴莫愁！'),
('1644712390', '金志文', '经过几天对八卦的汇总和考察，我认为下面的这个剧透是最可信的：梁博，黑妹，金志文，李莫愁……另一个名单是好声音导演组故意弄出来的吧（反正都要被泄露的还不如我自己来泄个半真半假滴让你们吵去！）不过无所谓，我只要听梁博小朋友的《私奔》@蓉嬷嬷蓉'),
('2402615634', '金志文', '长这么大第一次追星，每天拼命的刷微博，想看他们的消息。都怪那幸福的小俩口，文哥太有才，兰姐太贤惠，你们怎么可以这么好呢，让我如何不喜欢你们~~微博强迫症呐，求拯救~@金志文-GT @金兰507'),
('1908765857', '金志文', '我刚刚参加了#HTC悦动好声音#评选活动，投了金志文 一票。 9月30日前投票还有机会赢取HTC悦动大奖哦~~~One S全新系列手机、Beats Solo、蓝牙谜声飞碟，好礼赢不停！你也快去为喜欢的中国好声音学员投票吧，助TA成为HTC悦动音效大使！'),
('1863631170', '金志文', '曾几何时。这么有闲心把自己关在房间里听起音乐，中国好声音，丁丁的辛德瑞拉，李行亮的涛声依旧，金志文的没那么简单，平安的洋葱 都很不错啊···@慢慢不知所踪_ @假坚强D狮子 @小渃丫头 @Joyce的碎碎念 @静不下来1841225575 @敷衍你的肤浅者'),
('2422043705', '金志文', '对@金志文-GT 说：谁说小文哥没有台风..我就是喜欢你这样,唱高潮的时候,右手拿话筒,左手握紧的感觉.唉唉^^太喜欢你唱的歌了,坚持自己的梦想.求回复求回复...现在我天天上课也在刷微博..容易么容易么?'),
('1884317355', '金志文', '如果金志文PK掉了平安，我只能认为是庞龙pk掉了孙楠…………@平安anson 我在:'),
('1865569214', '金志文', '好声音四强：梁博，关喆，权振东，吴莫愁。第一组张赫宣首轮淘汰，张玮PK掉多亮，最后输给了梁博；第二组丁丁首轮淘汰，金志文PK掉平安，最后输给了关喆；第三组徐海星首轮淘汰，吉克隽逸PK掉袁娅维，最后输给了权振东；第四组大山首轮淘汰，王韵壹PK掉金池，最后输给了吴莫愁。@洋聪Yu'),
('2208201311', '金志文', '中国好声音四强名单是关喆、权震东、吴莫愁、梁博.名单中，吉克隽逸、张玮等众多被观众看好的选手最终未能前进；刘欢组此前呼声最高的吉克隽逸最终败给了权振东；而在杨坤组的内战中，关喆击败了金志文；那英组梁博力压人气火爆的张玮；庾澄庆组，小魔女吴莫愁将金池击败 介个真的吗？黑幕啊！有木有？'),
('2533739315', '金志文', '金志文回复我的评论了窃喜窃喜'),
('2556023792', '金志文', '好声音金志文的《为爱痴狂》听了一遍又一遍，很羡慕他身边陪他一起奋斗的女朋友，他的故事真的让我很感动。'),
('1886143422', '金志文', '#360安全桌面寻找淘汰预言帝#在中国好声音的舞台上，每个选手都非常优秀，但是只有真正的好声音才能唱到最后，我认为平安，金志文会在接下来的比赛中率先出局，惨遭淘汰 你认为会是谁呢？猜对了还能赢取ipad2等大奖'),
('2663987475', '金志文', '因為你既出現！我竟變了花癡！我真係好中意你！……金志文'),
('2805139245', '金志文', '中国好声音_金志文_没那么简单 （分享自 @酷6网）'),
('1666944755', '金志文', '左眼皮跳跳 竟然是金志文唱的@晶晶茼學 @汤小略'),
('2310402041', '金志文', '我才开始追@中国好声音 @金志文-GT 的为爱痴狂太赞了。。。'),
('2049638520', '金志文', '明天又要有好声音了。发个水脖说一下自己心里的四强吧：张玮、王乃恩、张赫煊、金志文。'),
('1908447233', '金志文', '#HTC悦动好声音#哇~~~我最爱的金志文最适合HTC One ST了！风尚设计、双网双待，就是这么自信~~~你们也来看看你喜欢的中国好声音学员适合哪款手机吧！每天还有中国好声音的决赛入场券送哦~~~'),
('2320582131', '李代沫', '话说我们班搞笑歌神的声音挺像李代沫'),
('2906855335', '李代沫', '你存在，， 『中国好声音 李代沫《我的歌声里》』'),
('1113037775', '李代沫', '#酷狗(iPhone)音乐分享# [ 李代沫 - 我的歌声里(Live) ]  试听下载地址:'),
('1950816464', '李代沫', '神剪辑!曲婉婷&李代沫合唱版[我的歌声里]'),
('2065663413', '李代沫', '【《中国好声音》第七期20120824 徐海星李代沫强强PK 完美表现难抉择】 (分享自 @Qzone)'),
('1979947757', '李代沫', '【视频：李代沫“放水”真相（流畅）】 （分享自 @优酷网）'),
('1851772774', '李代沫', '5555555，听了李代沫和曲婉婷的：我的歌声里，居然没睡意了，大晚上的听这么好听的歌干嘛啊。……………………………………………………………………………'),
('2578997804', '李代沫', '听了李代沫和吉克隽逸的在我想起来。竟有了想看这部电影的冲动，不简单不简单'),
('1717830443', '李代沫', '这个夏天的选秀红了2首歌，李代沫---我的歌声里，郭一凡---我期待，很棒'),
('1869740584', '李代沫', '才发觉 如果没有你 是莫文蔚原唱 听李代沫都快忘了原唱了 最近超喜欢哼这首歌 一边翻凭证一边唱的欢'),
('1728283264', '李代沫', '昨天第十九天，然乌到波密132公里，住的悠游道国际青年旅社，环境不错；今天第二十天，波密到通麦92公里；还剩五天到拉萨了，由于下雨六人小队分成两批前进，果冻、李代沫和回锅肉哥在波密休整一天，只能拉萨集合囖！'),
('2642705970', '李代沫', '李代沫《末日不孤单》真心喜欢'),
('2519645187', '李代沫', '我爱李代沫！！'),
('1757668995', '李代沫', '李代沫以一首&lt;&lt;我的歌声里&gt;&gt;成名，而他与吉克隽逸合作的&lt;&lt;在我想起来&gt;&gt;则可以称得上他杰出的处女作。这首歌迷蒙的曲风，奇异的歌词，再加上演唱者沧桑而洒脱的嗓音，三者的结合让我们仿佛置身于半睡半醒间的梦幻的夜上海。如果你还没有听过&lt;&lt;在我想起来&gt;&gt;，那就赶快尝试一下吧'),
('1878733501', '李代沫', '郑虹&李代沫 • 如果没有你 (分享自 #酷我音乐2012# @酷我音乐手机版)'),
('2271762062', '李代沫', '《二次曝光》MV李代沫 吉克隽逸《在我想起来》 （分享自 @56网）'),
('2263748403', '李代沫', '真系翻唱好，原唱就悲哀咯…… 郑虹&李代沫-如果没有你-曹寅-会呼吸的痛-关喆-领悟-'),
('2950843931', '李代沫', '韩江的风微微吹，听李代沫的歌！ 我在:'),
('1761386840', '李代沫', '不會響起了嗎?李代沫-如果沒有你.沒有過去........'),
('2029557387', '李代沫', '吉克隽逸和李代沫合作的 &lt;在我想起来&gt; 超好听诶! 在对中国好声音的迷恋的衬托下，mv/电影里的fbb貌似也变得好看了。。。'),
('1345983214', '李代沫', '在我想起来，他已经死了。。。 在我心里 ，他已经死了。。。 李代沫吉克隽逸《二次曝光》主题曲MV首发'),
('1843452955', '李代沫', '突然觉得，那个@李代沫 有点像你勒～～～ @保洁龚人 你觉得不？？？');
INSERT INTO `users` (`user`, `keyword`, `weibo`) VALUES
('2177600781', '李代沫', '我在爱奇艺高清影视看了《李代沫《我的歌声里》正式版》 （分享自 @爱奇艺） 有一天 我也要唱成这样！'),
('1710875932', '李代沫', '我参与了@久尚网官方微博 发起的投票【中国好声音被PK掉无所谓，重要的是谁会红】，我投给了"李代沫"这个选项。你也快来表态吧：'),
('1742287942', '李代沫', '我终于体会到你们看到李代沫和郑虹pk时心里有多难受了@兔子馅的羊妈 @Dear-ViViAN @宁自有风'),
('2713597332', '李代沫', '补看了中国好声音刘欢杨坤场，喜欢李代沫和郑虹唱的那首，淘汰李代沫的那个女的实在不咋地，平安的洋葱还好吧，也许期望过高。'),
('2674508297', '李代沫', '（在我歌声里）李代沫唱的这首歌听起来特别有感觉，一遍又一遍的听，百听不怨，好长一段时间没有听到如此顺心的歌，，就把内心最深的感触寄托到这首歌里吧，心有了寄托就能放下，身心放下来之不易，享受过程，轻松。'),
('1738064515', '李代沫', '♫ 李代沫,陈浩轩 《末日不孤单》 #多米音乐#'),
('2217991343', '李代沫', 'share 如果没有你_郑虹,李代沫 #百度音乐#'),
('2193625350', '李代沫', '#天天分享# 李代沫-末日不孤单 (分享自 TTPod)'),
('1724902617', '李代沫', '和原唱比，我只想说，李代沫滚粗。我的歌声里 官方正式版-曲婉婷 高清MV-音悦台 （分享自 @音悦台）'),
('2024803283', '李代沫', '世界之大 为何我们相遇 难道是缘分 难道是天意 你存在 我深深的脑海里 我的梦里 我的心里 我的歌声里 你存在 我深深的脑海里 我的梦里 我的心里 我的歌声里  喜欢#李代沫#温柔的声音'),
('1650658483', '李代沫', '『在我想起来（电影《二次曝光》主题曲）  李代沫』'),
('1749699172', '李代沫', '睡前听一下李代沫的我的歌声里和王乃恩的慢慢，嚯嚯~~~'),
('2796791274', '李代沫', '我刚用 铃声大全 下载了铃声《中国好声音 李代沫 我的歌声里》 应用下载地址:'),
('2313001085', '李代沫', '看了好久你发的微博！实在困了！李代沫！真心喜欢你@李代沫Demon'),
('1915706512', '李代沫', '#末日不孤单 李代沫# 单曲循环中 感觉好熟悉#看到你的改变 差不多三两年##卞白贤晚安#'),
('1871966421', '李代沫', '李代沫的假音 好听 ！聆听灵魂的声音，让音乐带我们一起旅行……把最美的音乐《如果没有你》分享给你！'),
('1594151492', '李代沫', '#虾米音乐#♫ 分享李代沫;吉克隽逸的歌曲《在我想起来》  “据说《二次曝光》很值得期待，9.27去看首映吧~”'),
('1870478482', '李代沫', '#百度音乐!#分享_如果没有你_郑虹,李代沫_百度音乐 与我同行 （分享自@百度音乐 Iphone客户端)'),
('2154102677', '李代沫', '我在@微什么 回答了问题【中国好音声你们喜欢哪个选手?】 李代沫'),
('1221802801', '李代沫', '「晚安。」大爱的调调。单曲循环。@吉克隽逸 @李代沫'),
('2940873821', '李代沫', '我表示在听李代沫的《末日不孤单》的时候，有些想泪奔。。我这边是晴天，你那边已然下雪。。'),
('2991715520', '李代沫', '坑爹『好声音丁丁的《爱要坦荡荡》降速后变成李代沫』 @新浪视频'),
('2994518860', '李代沫', '@李代沫Demon 沫沫，我看了下今天的微博，是不是明天的比赛你也会上啊，好激动！终于能在听到你的声音了，哈哈！不过剧透这个东西太恶心了，我不小心看了一下，头都是大的，我觉得不应该让媒体投票，好声音应该是大家公认的而不是那些媒体的操作！哼，反正我是不喜欢！不过我还是支持你加油！'),
('2876722564', '李代沫', '中国好声音，李代沫！声动亚洲，孙伯伦！！ 我在:'),
('1497248774', '李代沫', '让李代沫油光瓦亮的脑袋，照亮这个黑夜。今天刚拍的，大图。有喜欢代沫吗？@李代沫Demon'),
('1851147125', '李代沫', '#中国好声音四强曝光# 没有刘悦，也没有李代沫。。。'),
('1791926577', '李代沫', '最近有点萎。晚安@李代沫Demon 我在:'),
('1862952063', '李代沫', '原来一开始对李代沫有好感是因为他长得像张震岳啊。。。'),
('2244910854', '李代沫', '新品超极本，丁丁和李代沫代言，LFR啥时开卖'),
('1960640975', '李代沫', '李代沫 &amp; 吉克隽逸 - 在我想起来 （分享自 @酷6网）'),
('2669485141', '李代沫', '这是李代沫？尼玛也太盟了吧'),
('2041035390', '李代沫', '曲婉婷-没有什么不同-李代沫又有歌唱了！！这歌也不错！！'),
('1517823485', '李代沫', '我要弄成李代沫的造型，各位觉得怎么样？'),
('1877569123', '李代沫', '李代沫&amp;吉克隽逸演唱,韩寒作词的电影《二次曝光》主题曲MV《在我想起来》送给大家，为明天的中国好声音预热。李代沫确实可惜啦，唱的很动情。 （分享自 @56网）'),
('2420883864', '李代沫', '【徐海星海量雷人照曝光 扮日本女仆遭SM捆绑】在第一期《中国好声音》中，成都女孩徐海星就被质疑用去世的父亲炒作，博取同情。在刚刚结束的导师考核首场比赛中，战胜人气选手李代沫闯进刘欢组四强的她又引发诸多质疑，甚至被网友深度“人肉”，曝光了海量卖萌雷人私照...详细：'),
('1743416760', '李代沫', '我刚刚参加了#HTC悦动好声音#评选活动，投了李代沫 一票。 9月30日前投票还有机会赢取HTC悦动大奖哦~~~One S全新系列手机、Beats Solo、蓝牙谜声飞碟，好礼赢不停！你也快去为喜欢的中国好声音学员投票吧，助TA成为HTC悦动音效大使！'),
('2871976840', '李代沫', '听了这么多《我的歌声里》，回音哥，歌浴森，郭一凡，李代沫 and Youtube上各种好事者的翻唱。我只在回音哥的歌声里听到了歌词本意中夹带蛋蛋的忧伤。。。 我顶你，肥阴郭。。'),
('2033071971', '李代沫', '【视频：震撼！李代沫吉克隽逸《二次曝光》主题曲MV首发】 （分享自 @优酷网）'),
('2083824587', '李代沫', '爱能成魔能成疯。此时迷恋彼时恨。怨不得人。怨得不到的人。----------- 李代沫、吉克隽逸《在我想起来》'),
('1713495514', '李代沫', '分享一首来自酷狗音乐的歌曲:吉克隽逸、李代沫-在我想起来(分享自@酷狗音乐)'),
('2198413655', '李代沫', '就是那么那么的讨厌李代沫，唱什么都不好听，声音也不好听 权振东pk组合，直接泪飚'),
('1089006964', '李代沫', '李代沫 的 我的歌声里  好听！'),
('1594796720', '李代沫', '@振笨伯 播了一晚上“我的歌声里”和“如果没有你”...你真的很爱李代沫....'),
('1058250114', '李代沫', '李代沫&amp;吉克隽逸-在我想起来-'),
('2480020402', '李代沫', '我在@多米音乐 分享一首好听的歌曲： ♫我的歌声里 – 李代沫。 "好听" #多米·悦乐#'),
('1647034974', '李代沫', '【视频：李代沫、吉克隽逸《在我想起来》】 （分享自 @优酷网）'),
('2281874153', '李代沫', '@mark 震撼！李代沫吉克隽逸《二次曝光》主题曲MV首发'),
('2464576790', '李代沫', '《中国好声音》片花 李代沫吉克隽逸合唱《二次曝光》MV手机版 （分享自 @搜狐视频）'),
('1951543903', '李代沫', '晚安咯@李代沫Demon @李代沫Demon全国歌迷会'),
('1630687847', '李代沫', '李代沫 吉克隽逸 好喜欢'),
('1569741822', '李代沫', '#中国好声音# 喜欢张玮 李代沫'),
('2140496190', '李代沫', '跪求 跪求 李代沫版本（如果没有你）弹唱版的 钢琴谱 跪求~~~~'),
('2095021131', '李代沫', '一听到李代沫版的我怀念的…姿迷我就想吐,太难听了太难听了'),
('1998875931', '李代沫', '【视频：震撼！李代沫吉克隽逸《二次曝光》主题曲MV首发】 （分享自 @优酷网）'),
('2512883987', '李代沫', '【《我的歌声里》曲婉婷，李代沫合唱MV  】 (分享自'),
('1656856022', '李代沫', '通过@微盘 分享了一个文件"12041904-我的歌声里-李代沫.mp3",欢迎大家下载分享!'),
('1052389317', '李代沫', '#中国好声音四强曝光# 四强产生，看了大家的评论，果然是萝卜白菜各有所爱我就喜欢李代沫'),
('2759321614', '李代沫', '@mark 『《我的歌声里》曲婉婷，李代沫合唱MVwww.cela001.cn』'),
('2759321614', '李代沫', '@mark 『《我的歌声里》曲婉婷，李代沫合唱MVwww.cela001.cn』'),
('1879191203', '李代沫', '发现身边的女汉纸都好喜欢李代沫的~这首好好听&gt;&lt;《李代沫-末日不孤单》 （分享自 @土豆网音乐）'),
('1655389111', '李代沫', '第N次听李代沫和郑虹的如果没有你。突然明白了后面那英说“李代沫当初我拍过你，我也拍过郑虹”后面没说出来的半句。'),
('1751580492', '李代沫', '好声音里面一开始我喜欢李代沫，后来他搞基的新闻和照片在网络上传得铺天盖地。。。再后来我又比较看好王乃恩，可是我发现他微博里写的东西没有一句我能看懂的。我好像突然发现了些什么。。。'),
('2275668733', '李代沫', '刚刚又回顾了好几期的好声音。。。喜欢多亮的深情，喜欢李代沫粗犷中的温柔，喜欢梁博的沧桑。。。你们都喜欢谁啊？@DD小旋风 @小叮铃爱火锅 @cathy_h2 @Tara糖小婉'),
('1824175510', '李代沫', '『在我想起来』吉克和李代沫唱的歌不错啊，主要是韩寒做词给范冰冰配的曲儿'),
('1736098612', '李代沫', '今天李代沫下机的时间，刚好就是回公司开会的时间~哭死~幸好还有昨天和张玮的合照~'),
('1871595734', '李代沫', '今天听了@李代沫Demon 和@吉克隽逸 的《在我想起来》，现在这首歌已经在我脑海里盘旋一天了，跟神曲一样，8过真是太好听了，弄得我这个对电影木有任何想法的银，也很有冲动去电影院看一下到底电影如何，看来歌对电影还是很重要的呀，哇卡卡卡'),
('1935024877', '李代沫', '＜中国好声音＞唱火了多少歌。相信有很多人跟我一样听过李代沫的＜我的歌声里＞，然后搜原唱，才知道有曲婉婷这么一个人。你说他侵犯版权，他却为你提高了知名度，到底谁炒作了谁，谁得利于谁！'),
('1579097753', '李代沫', '李代沫&amp;吉克隽逸演唱,电影《二次曝光》主题曲MV《在我想起来》！唱得好迷离销魂啊~前奏好听~幽怨而心碎，忧伤而无力挽回！很有感染力！'),
('1829265005', '李代沫', '我笑了。。。丁丁版《爱要坦荡荡》降速72% 一秒变成李代沫 （分享自 @土豆网娱乐）@mark'),
('1737352014', '李代沫', '嗓子前所未有得严重，沙哑失声，我不该过度练歌兼带唱校歌…好了之后会不会变声呀快给我变成林宥嘉或者李代沫权振东的声音'),
('1934634121', '李代沫', '你存在 我婶婶的脑海里。。我的梦里 我的心里 我的歌声里~~~@完美爸妈 看，中国好声音的主打歌，自从被我听成这样之后，每每听到李代沫唱这首歌，就暗暗想笑。。'),
('1788646202', '李代沫', '希望明天音乐社复试能通过== 李代沫版本的：我的歌声里'),
('1622951302', '李代沫', '李代沫、郑虹《如果没有你》，好听。两位都有很独特的声音。当我想再听听郑虹的歌声，才发现她只唱了两首，就被淘汰了。'),
('1737157797', '李代沫', '我刚刚参加了#HTC悦动好声音#评选活动，投了李代沫 一票。 9月30日前投票还有机会赢取HTC悦动大奖哦~~~One S全新系列手机、Beats Solo、蓝牙谜声飞碟，好礼赢不停！你也快去为喜欢的中国好声音学员投票吧，助TA成为HTC悦动音效大使！'),
('2876934412', '李代沫', '我在@微什么 回答了问题【你觉得李代沫和曲婉婷唱的《我的歌声里》哪个版本最好听？】 柔情铁汉。'),
('2416049363', '李代沫', '发现自己越来越爱“新浪微博”了，在这上边可以随便说…七嘴八舌每天一句自己心中的感受来发泄一下自己，好轻松我的朋友们，我爱的人，晚安…嘘~只有这一刻我才感觉做的是我自己，听中国好声音里李代沫郑虹《如果没有你》单曲循环中…好友感觉晚安#中国好声音#'),
('1773424424', '李代沫', '@倩怡妹 中国好声音导师学员齐撞脸 李代沫张玮吴莫愁杨坤皆中枪【组图】 （分享自 @看看新闻网）'),
('1808713620', '李代沫', '李代沫 - 我的歌声里（分享自 #手机酷狗# 安卓版）'),
('2276410530', '李代沫', '《我的歌声里》曾被很多人翻唱过，但其中给大家留下最深刻印象的莫过于李代沫的录音室版本，现在MV完整版强势来袭！真假音转换超强！听一次感动一次！很高的水准很赞的声音！值得一听再听！'),
('1878953351', '李代沫', '李代沫，你又帅气了一次【视频：《二次曝光》主题曲MV《在我想起来》】 （分享自 @优酷网）'),
('1826635227', '李代沫', '#多米音乐# 李代沫版和曲婉婷版 哪个更有感觉？ 李代沫《我的歌声里》'),
('1844646430', '李代沫', '二次曝光》剧情版MV李代沫&amp;吉克隽逸《在我想起来》'),
('1411559813', '李代沫', '你存在我深深的脑海里，我的心里，我的梦里，我的歌声里……就听好歌不听话，会唱歌的李代沫。 我在:'),
('1430919490', '李代沫', '02:25婶婶的脑海里……【视频：李代沫《我的歌声里》120713 中国好声音】 （分享自 @优酷网）'),
('2792986515', '李代沫', '今天来推进啊一首歌吧！！叫《如果没有你》听一听李代沫，还有莫文蔚，两个版本的，很有感觉啊！！'),
('2404022367', '李代沫', '『《我的歌声里》曲婉婷，李代沫合唱MVwww.cela001.cn』'),
('1222365111', '李代沫', '李代沫竟然是个男的！还是个光头男！！上次听你说光头，我还奇怪呢，现在女的怎么爱剃光头呢 @绯樱小娴'),
('1565463060', '李代沫', '谎话每次听得太多 这回就不傻了/难得洒脱陶醉过 别以为就懂得/在这一个慌乱的季节【视频：李代沫-末日不孤单 最新MV】 （分享自 @优酷网）'),
('2041523651', '李代沫', '都说李代沫把《我的歌声里》唱的更红了，刚刚特意听了一下，真心觉得不好听。'),
('1727749584', '李代沫', '李代沫、吉克隽逸:在我想起来 有一种说不出的感觉'),
('1746862375', '李代沫', '听多几次李代沫和吉克隽逸《在我想起来》，觉得越来越有味道。'),
('2432263207', '李代沫', '《《我的歌声里》曲婉婷，李代沫合唱MVwww.cela001.cn》'),
('1942748285', '李代沫', '我那又复读的同桌说李代沫小时又胖又丑，现在看他的MV，那胡子那光头，太完美了吧！我油然而生一种感觉～哈哈哈哈～还有整天和一个复读生坐一起，好有优越感啊～哈哈～她学习还没有我好～～～'),
('1757941751', '李代沫', '我听过这张专辑《在我想起来》 -李代沫 ★★★'),
('1802566604', '李代沫', '我刚刚参加了#HTC悦动好声音#评选活动，投了李代沫 一票。 9月30日前投票还有机会赢取HTC悦动大奖哦~~~One S全新系列手机、Beats Solo、蓝牙谜声飞碟，好礼赢不停！你也快去为喜欢的中国好声音学员投票吧，助TA成为HTC悦动音效大使！'),
('1942903703', '李代沫', '【视频：李代沫、吉克隽逸《在我想起来》】 （分享自 @优酷网）很有感觉，难道我成文艺青年了？？？？'),
('2215957967', '李代沫', '《我的歌声里》李代沫、曲婉婷对唱，神剪辑！！！这个太经典了，不分享对不起自己啊！！！最爱的男声女声，终于“在一起”了！！在一起！在一起！！！'),
('1818692190', '李代沫', '#中国好声音四强曝光# 我觉得吧，其实平安、李代沫、郑虹、丁志文应该是四强也。'),
('1798137445', '李代沫', '我正在#PPTV PC客户端#观看《[正片]搞笑-20120920-好声音丁丁的《爱要坦荡荡》降速后变成李代沫-搞笑-20120920(中音中字)》 还可以这样… 哈哈 观看。 客户端下载'),
('2244598121', '李代沫', '李代沫的末日不孤单，不爱是一瞬间的…爱上却可能需要一辈子。我想用一辈子去找一个爱的人，宁肯我为他要付出所有…不爱了就不爱了，没有了就再找不回来了…习惯一个人的夜里，喜欢上一个人得生活…'),
('1279611150', '李代沫', '【视频：《二次曝光》主题曲MV幕后花絮（吉克隽逸李代沫）】 （分享自 @优酷网）'),
('2604220221', '李代沫', '从你的第一场比赛就喜欢上你 我会一直支持你的 代沫加油@李代沫Demon'),
('1791184213', '李代沫', '为什么李代沫在苏宁易购的广告里那么屌丝啊!'),
('1570797055', '李代沫', '今天晚上才知道：哈林原来就是庾澄庆！李代沫是个光头！'),
('2074063533', '李代沫', '很不错的歌 听的很有感觉 《李代沫最新原创《末日不孤单》 录音室版》, （分享自 @爱奇艺）'),
('1609173015', '李代沫', '《网友自制 李代沫曲婉婷合唱《我的歌声里》》 （分享自 @土豆网娱乐）'),
('2506215663', '李代沫', '@贪吃的秫秫 刚想起来，今儿中午忘了跟你感慨一事儿了！啊啊啊啊啊啊啊啊啊啊啊！！！我直到前天才知道李代沫是个柔情“汉子”！啊啊啊啊啊啊啊啊啊啊啊！！！ 我在#中仓小区#'),
('1849547784', '李代沫', '【#逸·音乐# “二次曝光”】 主题曲《在我想起来》，韩寒作词，哈维作曲，中国好声音 人气学员李代沫 与 吉克隽逸 深情演唱，唱出灵魂，唱出伤痛，唱到让您想恋爱..'),
('1066057493', '李代沫', '喜欢李代沫的歌声'),
('2093489102', '李代沫', '回家想了想，刚那出租车司机也太像李代沫啦。'),
('1828647404', '李代沫', '发表了博文 《李代沫经纪人周俊13543437722》 - 李代沫，《中国好声音》选手，因深情演绎曲婉婷《我的歌声里》而走红。李代沫从小开始学单簧管，学习唱歌，高一学美声，偶尔到酒吧驻唱赚赚零花钱，然'),
('2092287101', '李代沫', '屌丝版李代沫，哈哈@-泳欣呦 @刘妤 @全球最搞笑搜罗 @囝仔_蔡 @张迪_生活中的小2B @糗事千百度 @叶叶叶权 @活泼栋梁'),
('2414469830', '李代沫', '我正在看“中国好声音”节目：李代沫的声音有独特的味道。'),
('2574569817', '李代沫', '在我想起来 李代沫,吉克隽逸'),
('1825941822', '李代沫', '盆栽的小叶榕放在阳台上叶子掉的快没了，拿到房间里几天就焕然新生。长的这么粗犷，没想到内心还这么细腻，你以为你李代沫啊。'),
('2473257497', '李代沫', '<我的歌声里>@李代沫Demon'),
('2850071163', '李代沫', '李代沫吉克隽逸《二次曝光》主题曲MV'),
('2275618342', '李代沫', '李代沫这个陈世美居然能火？'),
('1900831373', '李代沫', '呜呜。。真的很喜欢听李代沫唱歌，特别感动，就像是你喜欢的男人表现的那种柔情的感觉，特别温暖，我要成为他忠实的粉丝。。只喜欢他的歌声。。'),
('1734103873', '李代沫', '李代沫的经典之作 我的歌声里'),
('2638093925', '李代沫', '#天天分享# 回音哥-我的歌声里(翻唱) (分享自 TTPod)直接干掉李代沫！！！！！ 我在:'),
('2358360327', '李代沫', '曲婉婷Wanting-我的歌声里-我觉得曲应该感谢李代沫啦，是李捧红了这首歌。'),
('2992761672', '李代沫', '对@李代沫Demon 说：沫沫，希望你每天都有正能量去面对挑战...别忘了保持愉悦的心情哦...还有给自己充电.....加油.....'),
('2064301481', '李代沫', '我觉得李代沫很帅啊。'),
('1679020334', '李代沫', '这两天单曲循环播放平安的《洋葱》，一百遍啊一百遍。前阵子是李代沫的《我的歌声里》。我喜欢的就会反复听反复听反复听……为什么有如此的旋律如此的声音，那么迷人，撩动心弦。'),
('2437149142', '李代沫', '今天花了N个小时，终于在手机里把铃声设成了李代沫版的＜我的歌声里＞。那句你存在。。。我的鸡皮疙瘩全起来了！ 我在:'),
('1912674767', '李代沫', '我刚刚参加了#HTC悦动好声音#评选活动，投了李代沫 一票。 9月30日前投票还有机会赢取HTC悦动大奖哦~~~One S全新系列手机、Beats Solo、蓝牙谜声飞碟，好礼赢不停！你也快去为喜欢的中国好声音学员投票吧，助TA成为HTC悦动音效大使！'),
('2252663903', '李代沫', '今年金鸡百花电影节在绍兴哟，姑娘我参加开幕式的诗朗诵节目阿！听导演组说有谢霆锋，潘玮柏，李代沫哟～'),
('1764742580', '李代沫', '中国好声音学员广州长隆巡演，李代沫只来10月3号一场，好像去看，好像去看'),
('2277392322', '李代沫', '真心觉得那首：你存在我婶婶的脑海里～曲婉婷没有李代沫唱的好听！不过我还是喜欢王韵壹～'),
('1236027652', '李代沫', '听曲婉婷唱《我的歌声里》，就是一个装B犯，有的地方得瑟得欠抽，还是李代沫唱得好啊。'),
('1820720527', '李代沫', '#中国好声音四强曝光#我选择对四强很失望！李代沫被淘汰已经很火了 现在剧透说张玮也被淘汰了 台伤心了'),
('2413856802', '李代沫', '喜欢李代沫的末日不孤单。 我在#宁波教育学院(育才路)#'),
('2757112077', '李代沫', '李代沫，【我的歌声里】，很好听，很感人！'),
('1655520857', '李代沫', '我的歌声里，听了原唱的，还是喜欢李代沫的。'),
('2785763983', '李代沫', '我的歌声里（李代沫、曲婉婷对唱），神剪辑！！！这个太经典了，不分享对不起自己啊！！！最棒的男声女声，终于“在一起”了！！在一起！在一起！！！  ～@美容美发美甲'),
('2115155534', '李代沫', '在看中国好声音，到了李代沫的《我的歌声里》眼泪突然啪啦啪啦的掉下来，一开口就刺激到了我的泪泉...歌词代表我现在的心...就今天，就给我今天一天的时间....只为某一个人....连续听了4遍...'),
('1935519300', '李代沫', '原来李代沫跑去给HP代言了啊。'),
('2101640527', '李代沫', '#酷狗(iPhone)音乐分享# [ 李代沫 - 在我想起来 - 电影 二次曝光 主题曲 ] 很有感觉！ 试听下载地址:'),
('2142579457', '李代沫', '李代沫，好励志啊！姐虽然不能唱，可应该也能瘦成功吧！'),
('1938393302', '李代沫', '《我的歌声里》超强对决！【《中国好声音》李代沫PK《声动亚洲》郭一凡,全都唱得好好听啊！你喜欢谁的版本多一点？'),
('2728353030', '李代沫', '《我的歌声里》超强对决！【《中国好声音》李代沫PK《声动亚洲》郭一凡,全都唱得好好听啊！你喜欢谁的版本多一点？'),
('2058468270', '李代沫', '《我的歌声里》超强对决！【《中国好声音》李代沫PK《声动亚洲》郭一凡,全都唱得好好听啊！你喜欢谁的版本多一点？'),
('1887419407', '李代沫', '《我的歌声里》超强对决！【《中国好声音》李代沫PK《声动亚洲》郭一凡,全都唱得好好听啊！你喜欢谁的版本多一点？'),
('2276377092', '李代沫', '《我的歌声里》超强对决！【《中国好声音》李代沫PK《声动亚洲》郭一凡,全都唱得好好听啊！你喜欢谁的版本多一点？'),
('1936383892', '李代沫', '《我的歌声里》超强对决！【《中国好声音》李代沫PK《声动亚洲》郭一凡,全都唱得好好听啊！你喜欢谁的版本多一点？'),
('2683171497', '李代沫', '唉，李代沫版的“我的歌声里”听起来好听些！'),
('1452870263', '李代沫', '@悟空不要调皮了 圆寸的明明同学和李代沫很像，尤其是那个鼻子'),
('1758961192', '李代沫', '分享一首来自酷狗音乐的歌曲:郑虹、李代沫 - 如果没有你(Live)(分享自@酷狗音乐) 真的太好听了'),
('1364823564', '李代沫', '@走在幸福的刀尖上 快看，李代沫代言惠普，我的梦里、我的歌声里'),
('2415321023', '李代沫', '我在看【视频：我的歌声里（李代沫、曲婉婷对唱）】：来看剪辑的，李代沫唱的真不咋滴，还不如回音哥 （分享自 @优酷音乐）'),
('2616455903', '李代沫', '论震撼，李代沫弱爆了~！曲碗婷听了都会疯的重口味姑娘。 你听你也疯！你存在我婶婶的脑海里~~~我的梦遗~~~我的新一~~~我的割肾里~~'),
('2178243060', '李代沫', '通过@微盘 下载了@杰克布琼斯 分享的"我的歌声里_李代沫_高潮版.mp3"，推荐给大家！'),
('2013470904', '李代沫', '最近迷上听李代沫的 末日不孤单 了→_→ 我在:'),
('2768785373', '李代沫', '现在学校每天都在放李代沫的歌曲，看来校长也很喜欢他啊'),
('1912952371', '李代沫', '末日不孤单 是李代沫出的单曲吗 确实还是蛮好听的 有他的味道'),
('2793306487', '李代沫', '【在我想起来】 电影《二次曝光》 主题曲——李代沫、吉克隽逸');

/*!40101 SET CHARACTER_SET_CLIENT=@OLD_CHARACTER_SET_CLIENT */;
/*!40101 SET CHARACTER_SET_RESULTS=@OLD_CHARACTER_SET_RESULTS */;
/*!40101 SET COLLATION_CONNECTION=@OLD_COLLATION_CONNECTION */;
