-- phpMyAdmin SQL Dump
-- version 3.4.10.1deb1
-- http://www.phpmyadmin.net
--
-- Host: localhost
-- Generation Time: Dec 24, 2012 at 06:47 PM
-- Server version: 5.5.28
-- PHP Version: 5.3.10-1ubuntu3.4

SET SQL_MODE="NO_AUTO_VALUE_ON_ZERO";
SET time_zone = "+00:00";


/*!40101 SET @OLD_CHARACTER_SET_CLIENT=@@CHARACTER_SET_CLIENT */;
/*!40101 SET @OLD_CHARACTER_SET_RESULTS=@@CHARACTER_SET_RESULTS */;
/*!40101 SET @OLD_COLLATION_CONNECTION=@@COLLATION_CONNECTION */;
/*!40101 SET NAMES utf8 */;

--
-- Database: `ai_hw`
--

-- --------------------------------------------------------

--
-- Table structure for table `finish`
--

DROP TABLE IF EXISTS `finish`;
CREATE TABLE IF NOT EXISTS `finish` (
  `keyword` varchar(30) NOT NULL
) ENGINE=InnoDB DEFAULT CHARSET=utf8;

--
-- Dumping data for table `finish`
--

INSERT INTO `finish` (`keyword`) VALUES
('梁博'),
('吴莫愁');

-- --------------------------------------------------------

--
-- Table structure for table `follows`
--

DROP TABLE IF EXISTS `follows`;
CREATE TABLE IF NOT EXISTS `follows` (
  `id` varchar(15) NOT NULL,
  `name` varchar(30) NOT NULL,
  `gender` varchar(1) NOT NULL,
  `follower` varchar(15) NOT NULL,
  `language` varchar(8) NOT NULL,
  `verified` tinyint(1) NOT NULL,
  `url` varchar(100) NOT NULL,
  `province` int(11) NOT NULL,
  `city` int(11) NOT NULL,
  `keyword` varchar(11) NOT NULL
) ENGINE=InnoDB DEFAULT CHARSET=utf8;

--
-- Dumping data for table `follows`
--

INSERT INTO `follows` (`id`, `name`, `gender`, `follower`, `language`, `verified`, `url`, `province`, `city`, `keyword`) VALUES
('1762668841', '时间海儿丁', 'f', '995', 'zh-cn', 0, '', 100, 1000, '梁博'),
('2670990432', '痴痴空空稻草人', 'f', '115', 'zh-cn', 0, 'http://blog.sina.com.cn/yaling', 34, 1, '梁博'),
('1709407564', 'baobaolanlan', 'f', '66', 'zh-cn', 0, '', 35, 1, '梁博'),
('2280847207', 'belieber和monster', 'f', '3866', 'zh-cn', 0, '', 36, 11, '梁博'),
('1305710744', '不夜城不眠人', 'm', '315', 'zh-cn', 0, 'http://blog.sina.com.cn/mikebibby89', 33, 5, '梁博'),
('2845301465', '停泊梁山', 'm', '55', 'zh-cn', 0, '', 42, 1, '梁博'),
('1872252072', '1984乔治奥威尔', 'f', '336', 'zh-cn', 0, '', 34, 2, '梁博'),
('1882374371', '棉花糖ON1', 'm', '90', 'zh-cn', 0, '', 33, 4, '梁博'),
('23177669', '灰打', 'm', '2890', 'zh-cn', 0, '', 53, 1, '梁博'),
('2010520257', 'Audi-Yu', 'm', '453', 'zh-cn', 0, '', 44, 3, '梁博'),
('1841817265', '水印色', 'f', '347', 'zh-cn', 0, '', 11, 8, '梁博'),
('1730147173', '王王王静有個Rock夢_', 'f', '1230', 'zh-cn', 0, '', 50, 3, '梁博'),
('1760038743', 'hylxsfh', 'm', '24', 'zh-cn', 0, '', 21, 1, '梁博'),
('1663965387', '徐礼京_Vagrant', 'm', '783', 'zh-tw', 0, '', 42, 7, '梁博'),
('2922878464', 'Tedddy天', 'm', '78', 'zh-cn', 0, '', 400, 7, '梁博'),
('1661719944', 'IVY_MT', 'f', '347', 'zh-cn', 0, '', 31, 15, '梁博'),
('1817607271', '_JoJo___', 'f', '414', 'zh-cn', 0, '', 51, 1, '梁博'),
('1790454961', '黄昂全', 'm', '642', 'zh-cn', 0, '', 44, 1, '梁博'),
('1581414613', '毛峰_Fidel', 'm', '174', 'zh-cn', 0, 'http://www.nbayao.com', 31, 12, '梁博'),
('2674719852', '忠爺7777', 'm', '63', 'zh-cn', 0, 'http://blog.sina.com.cn/u/2674719852', 81, 1000, '梁博'),
('2959878217', '闯1991', 'm', '110', 'zh-cn', 0, '', 23, 1, '梁博'),
('2492391630', '中国娱乐八卦', 'f', '367', 'zh-cn', 0, '', 44, 3, '梁博'),
('1818837631', '爱生活鍀寶児-Man', 'm', '501', 'zh-cn', 0, 'http://blog.sina.com.cn/lzj526942080', 65, 1, '梁博'),
('1651123177', 'Morphinee', 'f', '7', 'zh-cn', 0, 'http://www.douban.com/people/y_XO/', 42, 1, '梁博'),
('2858684825', '我在这里祈祷21', 'f', '38', 'zh-cn', 0, '', 21, 2, '梁博'),
('1841182263', '韩俊赫_', 'm', '3129', 'zh-cn', 0, 'http://920365618.blog.163.com/', 23, 10, '梁博'),
('2690091875', '开水同学要努力', 'f', '415', 'zh-cn', 0, '', 100, 1000, '梁博'),
('1653082874', '凉风使劲吹', 'm', '1629', 'zh-cn', 0, '', 34, 1, '梁博'),
('1719269915', 'Leo-国鑫', 'm', '1036', 'zh-cn', 0, '', 44, 3, '梁博'),
('2079312171', '我是纳尼亚女王', 'f', '215', 'zh-cn', 0, '', 400, 19, '梁博'),
('2358135587', 'Liily_chun', 'f', '1193', 'zh-cn', 0, '', 46, 1000, '梁博'),
('1867462335', '东台小兵', 'm', '79', 'zh-cn', 0, '', 32, 9, '梁博'),
('1867924970', 'UpHold蜗牛_柯汀', 'm', '186', 'zh-cn', 0, '', 41, 1, '梁博'),
('1269013144', '老沈不读书', 'm', '116', 'zh-cn', 0, 'http://blog.sina.com.cn/asombredance', 41, 1, '梁博'),
('1403263173', '哇卡西', 'm', '180', 'zh-cn', 0, '', 31, 1000, '梁博'),
('1272066223', '烟台山童姥', 'm', '1792', 'zh-cn', 0, 'http://blog.sina.com.cn/zdx2221', 37, 6, '梁博'),
('2096655837', '张小她说', 'f', '136', 'zh-cn', 0, '', 13, 6, '梁博'),
('1401397535', '云水如来', 'm', '14', 'zh-cn', 0, '', 37, 1000, '梁博'),
('1928296964', '抢不注名字婆', 'f', '183', 'zh-cn', 0, '', 100, 1000, '梁博'),
('1360218623', '阿Jan的一些事一些情', 'm', '905', 'zh-cn', 0, 'http://blog.sina.com.cn/qq369367072', 44, 9, '梁博'),
('2744059332', '当当当当当当当当当dang', 'm', '323', 'zh-cn', 0, '', 100, 1000, '梁博'),
('2638804742', 'love-棒棒冰', 'f', '52', 'zh-cn', 0, '', 37, 1, '梁博'),
('1762901353', '蓝色大海2010', 'f', '100', 'zh-cn', 0, '', 32, 10, '梁博'),
('1317373275', '假如我是轻流水', 'm', '137', 'zh-cn', 0, '', 53, 1, '梁博'),
('2472994171', '山月不知__心底事', 'f', '24', 'zh-cn', 0, '', 11, 7, '梁博'),
('1882175060', '文化lucky', 'm', '310', 'zh-cn', 0, '', 33, 1, '梁博'),
('2276735363', '吴舒要认真拼搏三年SMU', 'f', '586', 'zh-cn', 0, '', 44, 1, '梁博'),
('2784968342', 'Lb刘博11', 'f', '25', 'zh-cn', 0, '', 21, 12, '梁博'),
('2104283967', 'M23MAO', 'm', '75', 'zh-cn', 0, '', 41, 13, '梁博'),
('2281252070', '爱尚-syt', 'm', '88', 'zh-cn', 0, 'http://weibo.com/sytzl', 32, 3, '梁博'),
('1663965387', '徐礼京_Vagrant', 'm', '783', 'zh-tw', 0, '', 42, 7, '梁博'),
('1649544174', '叔叔就快要人格分裂了', 'm', '306', 'zh-cn', 0, '', 61, 1, '梁博'),
('1906916083', '胡倬霖_', 'm', '456', 'zh-cn', 0, '', 100, 1000, '梁博'),
('2796210691', '旋嘞个旋王某旋', 'f', '104', 'zh-cn', 0, '', 100, 1000, '梁博'),
('1677052543', 'Sky_Mr', 'm', '449', 'zh-cn', 0, '', 22, 1, '梁博'),
('1459753194', '罗涛perry', 'm', '97', 'zh-cn', 0, '', 44, 3, '梁博'),
('1789617250', '瞌睡谜西', 'f', '1166', 'zh-cn', 0, '', 50, 13, '梁博'),
('1836248872', 'benfan2010', 'm', '126', 'zh-cn', 0, '', 44, 1, '梁博'),
('2875330042', '会翠大四啦-找工作ing-偶尔游玩', 'f', '96', 'zh-cn', 0, '', 42, 1, '梁博'),
('1266142022', '枫谷子', 'm', '406', 'zh-cn', 0, '', 33, 1, '梁博'),
('2335524962', '小太阳fei', 'f', '8', 'zh-cn', 0, '', 37, 1, '梁博'),
('2056821867', '淡水蒲泊', 'm', '90', 'zh-cn', 0, 'http://blog.sina.com.cn/mobile1406426875', 13, 2, '梁博'),
('2658550350', '因为爱卿不会轻易被上啊', 'f', '80', 'zh-cn', 0, '', 51, 1, '梁博'),
('1169087225', '梦幻如烟--', 'f', '110', 'zh-cn', 0, '', 23, 1, '梁博'),
('1884660052', 'chefryan', 'm', '236', 'zh-cn', 0, '', 31, 1000, '梁博'),
('1712393940', '天箜的颜色', 'f', '269', 'zh-cn', 0, '', 33, 2, '梁博'),
('2949326807', '梦里水香8', 'f', '14', 'zh-cn', 0, '', 41, 2, '梁博'),
('2135542160', 'fanjingjing86', 'm', '74', 'zh-cn', 0, '', 33, 1, '梁博'),
('2788250227', '赵子淇-', 'f', '266', 'zh-cn', 0, '', 22, 1, '梁博'),
('1100873394', '阿楠纯行货', 'm', '13', 'zh-cn', 0, '', 21, 1, '梁博'),
('2650814684', '悲观之蚂蚁', 'f', '90', 'zh-cn', 0, '', 33, 1, '梁博'),
('1768367794', 'Callen先生', 'm', '668', 'zh-cn', 0, '', 31, 1000, '梁博'),
('2210872604', '一起-在路上', 'f', '14', 'zh-cn', 0, '', 35, 7, '梁博'),
('1925878451', '非Neo', 'm', '83', 'zh-cn', 0, '', 11, 5, '梁博'),
('1809872472', 'catherine_canon', 'f', '295', 'zh-cn', 0, 'http://blog.sina.com.cn/catherinecanon', 11, 5, '梁博'),
('1797298094', '何奂', 'm', '1163', 'zh-cn', 0, '', 41, 17, '梁博'),
('1431358334', 'wangwang0', 'f', '44', 'zh-cn', 0, '', 400, 7, '梁博'),
('1663605352', '没有脚的鸟_2011', 'm', '89', 'zh-cn', 0, '', 44, 1, '梁博'),
('2453443551', '元_sh', 'm', '71', 'zh-cn', 0, '', 31, 7, '梁博'),
('2413838661', 'Cindy80的尾巴', 'f', '67', 'zh-cn', 0, '', 11, 5, '梁博'),
('2621682477', '雪莉雪柜柜', 'f', '202', 'zh-cn', 0, '', 100, 1000, '梁博'),
('1766189970', '封文进', 'm', '65', 'zh-cn', 0, '', 44, 3, '梁博'),
('2713983643', 'coffee小黑猫', 'f', '85', 'zh-cn', 0, '', 11, 5, '梁博'),
('1876474091', '空想小朋友没人认识就只好叫Ruin', 'f', '131', 'zh-cn', 0, '', 33, 1, '梁博'),
('1709561653', '梁博全国歌迷会', 'm', '12245', 'zh-cn', 0, '', 22, 1, '梁博'),
('1188270373', '胡-天舒', 'f', '62', 'zh-cn', 0, '', 44, 1000, '梁博'),
('1740896964', '感受人生的一切', 'f', '27', 'zh-cn', 0, '', 35, 2, '梁博'),
('2212545391', '刘佳钰-娟', 'f', '3474', 'zh-cn', 0, '', 21, 1, '梁博'),
('2337823633', '老王家-秋er念念', 'f', '556', 'zh-cn', 0, '', 12, 12, '梁博'),
('1888849423', '沐沐沐玄冰', 'f', '27', 'zh-cn', 0, '', 51, 1, '梁博'),
('2751594061', 'pp微笑在我心', 'f', '157', 'zh-cn', 0, '', 43, 1, '梁博'),
('2807595650', '湖北创实餐饮有限公司', 'f', '313', 'zh-cn', 1, 'http://blog.sina.com.cn/u/2807595650', 42, 7, '梁博'),
('2018583893', '妖a孽', 'm', '88', 'zh-cn', 0, '', 35, 1, '梁博'),
('1775132870', '郝志伟久久', 'm', '4596', 'zh-cn', 0, 'http://www.renren.com/profile.do?id=311300453', 23, 10, '梁博'),
('2908765967', '智者乐水0018', 'm', '42', 'zh-cn', 0, '', 400, 1000, '梁博'),
('1764083764', '懒懒狼君', 'f', '314', 'zh-cn', 0, '', 35, 6, '梁博'),
('1717621763', '宝贝家蓝蓝的', 'f', '804', 'zh-tw', 0, 'http://blog.sina.com.cn/vivianlanzhongwei', 36, 1, '梁博'),
('1944033405', 'marianne_john81严妍', 'f', '205', 'zh-cn', 0, '', 33, 1, '梁博'),
('1081721922', '赵无无无无无敌', 'f', '335', 'zh-cn', 0, 'http://blog.sina.com.cn/seven9145', 22, 1, '梁博'),
('1783509197', '毒锅锅想要11万血的神T', 'm', '107', 'zh-cn', 0, '', 21, 1, '梁博'),
('1773418777', '桃子_Cherry', 'f', '1172', 'zh-cn', 0, '', 31, 8, '梁博'),
('1853905463', 'chE__五块的熊', 'm', '1204', 'zh-tw', 0, '', 44, 1, '梁博'),
('2289232845', 'Smile宇小宇宙', 'f', '105', 'zh-cn', 0, '', 13, 8, '梁博'),
('2584310412', '郑小冷z', 'm', '421', 'zh-tw', 0, '', 22, 1, '梁博'),
('2858684825', '我在这里祈祷21', 'f', '38', 'zh-cn', 0, '', 21, 2, '梁博'),
('2696417572', '许宏1982', 'm', '62', 'zh-cn', 0, '', 41, 5, '梁博'),
('2134263294', '苏州霏闻酒吧旗舰店', 'f', '5400', 'zh-cn', 1, '', 32, 5, '梁博'),
('1729711174', '我们一起吃早餐', 'm', '478', 'zh-cn', 0, '', 42, 1, '梁博'),
('1814551524', '_標少爺_', 'm', '133', 'zh-cn', 0, '', 51, 3, '梁博'),
('1590493381', '_奶鱼', 'f', '1431', 'zh-cn', 0, 'http://user.qzone.qq.com/369955591', 61, 1, '梁博'),
('2517206673', '2012LIUGE', 'm', '257', 'zh-cn', 0, 'http://blog.sina.com.cn/u/2517206673', 44, 3, '梁博'),
('1692063730', '小铁匠心情很down', 'm', '2324', 'zh-cn', 0, '', 34, 1, '梁博'),
('1896101381', '闹闹的王子与玫瑰', 'f', '493', 'zh-cn', 0, '', 34, 1, '梁博'),
('1886553874', 'RuiRuian', 'm', '91', 'zh-cn', 0, 'http://blog.sina.com.cn/u/1886553874', 42, 1, '梁博'),
('2958552251', '家桐de话儿', 'f', '18', 'zh-cn', 0, '', 22, 1, '梁博'),
('1986940751', 'emily-sh', 'f', '222', 'zh-cn', 0, '', 11, 5, '梁博'),
('1911717411', '疯子的名字用不了', 'm', '255', 'zh-cn', 0, '', 45, 9, '梁博'),
('1864770583', '多可爱小柠檬', 'f', '615', 'zh-cn', 0, '', 12, 3, '梁博'),
('1699460887', '犀牛的世界', 'm', '602', 'zh-cn', 0, 'http://www.sinruo.com', 42, 1, '梁博'),
('1953595967', 'Althea丽亚', 'f', '1293', 'zh-cn', 0, '', 34, 6, '梁博'),
('1237199894', 'zdragonet', 'm', '193', 'zh-cn', 0, '', 11, 8, '梁博'),
('1556186722', '小乾-善哉', 'm', '1391', 'zh-tw', 0, '', 81, 1, '梁博'),
('1814516382', '李莲花很好', 'f', '116', 'zh-cn', 0, 'http://blog.sina.com.cn/u/1826035365', 23, 1000, '梁博'),
('1520509641', 'william_abc_king', 'm', '92', 'zh-cn', 0, 'http://blog.sina.com.cn/williamyi', 31, 15, '梁博'),
('2736682883', '粗人一朵', 'm', '45', 'zh-cn', 0, '', 21, 2, '梁博'),
('1773881811', '7ulynancy', 'f', '10', 'zh-cn', 0, 'http://blog.sina.com.cn/7ulynancy', 65, 1, '梁博'),
('1762634904', '李洛克rocklee', 'm', '381', 'zh-cn', 0, '', 22, 1, '梁博'),
('2480037361', '柯Kaikai', 'f', '71', 'zh-cn', 0, '', 11, 5, '梁博'),
('2213718022', 'Z皓88JX', 'm', '158', 'zh-cn', 0, '', 33, 4, '梁博'),
('2038897057', 'YANG--MIMI', 'm', '82', 'zh-cn', 0, '', 44, 3, '梁博'),
('1806443072', '雷齐lq', 'm', '3171', 'zh-cn', 0, 'http://t.qq.com/leiqi1412231838', 36, 7, '梁博'),
('1843961553', '布里斯班小岑头', 'f', '346', 'zh-cn', 0, '', 400, 7, '梁博'),
('1456333410', '面有得瑟', 'm', '615', 'zh-cn', 1, '', 11, 8, '梁博'),
('1568378387', '锡城之冬', 'm', '1279', 'zh-cn', 0, 'http://blog.sina.com.cn/lai862', 32, 2, '梁博'),
('1797156805', '快乐多一些地盘', 'm', '84', 'zh-cn', 0, '', 21, 2, '梁博'),
('1930699171', 'linc居然放假了', 'm', '408', 'zh-cn', 0, 'http://site.douban.com/lizilinc/', 44, 5, '梁博'),
('1953086745', '明玥媛', 'm', '404', 'zh-cn', 0, '', 33, 1, '梁博'),
('2332594964', '兔子的咿语', 'f', '309', 'zh-cn', 0, '', 37, 2, '梁博'),
('1826089970', '杨葛伟', 'm', '28', 'zh-cn', 0, '', 41, 1, '梁博'),
('2958552251', '家桐de话儿', 'f', '18', 'zh-cn', 0, '', 22, 1, '梁博'),
('1819770427', '对外强哥Vincent', 'f', '1946', 'zh-cn', 0, 'http://whitefieldvincent.blog.163.com', 12, 6, '梁博'),
('2651541140', '呱哥在淘宝', 'm', '90', 'zh-cn', 0, '', 11, 5, '梁博'),
('1810812317', '-NIERAN', 'f', '330', 'zh-cn', 0, '', 11, 16, '梁博'),
('1759932007', '睡过头的连衣裙', 'f', '515', 'zh-cn', 0, '', 13, 1000, '梁博'),
('1360649485', 'LJJHZ', 'm', '561', 'zh-cn', 0, '', 33, 1, '梁博'),
('1829587552', 'andy字诚睿', 'm', '1782', 'zh-cn', 0, '', 33, 3, '梁博'),
('1988761492', '马克思柯南', 'm', '1325', 'zh-cn', 0, '', 81, 1, '梁博'),
('1732601067', 'NJ小景', 'f', '251', 'zh-cn', 0, 'http://blog.sina.com.cn/xiaojing616', 31, 10, '梁博'),
('1653657010', '为_梦_而_生', 'm', '468', 'zh-cn', 0, 'http://blog.sina.com.cn/xinfuyubao', 11, 5, '梁博'),
('2788184670', '怒山河', 'm', '41', 'zh-cn', 0, '', 400, 7, '梁博'),
('1761719750', '王小P-欧耶', 'f', '347', 'zh-cn', 0, '', 50, 9, '梁博'),
('1652886484', '阿磊C_LandY', 'm', '113', 'zh-cn', 0, '', 41, 7, '梁博'),
('1572982071', 'Ashreshell', 'f', '173', 'zh-cn', 0, '', 400, 1, '梁博'),
('1819685367', '娜娜wina', 'f', '206', 'zh-cn', 0, 'http://t.sina.com.cn/wangnana90hou', 34, 1, '梁博'),
('2344229765', '菜女娃', 'f', '231', 'zh-cn', 0, '', 100, 1000, '梁博'),
('2958411797', '我无处安放的小青春', 'm', '65', 'zh-cn', 0, '', 23, 1, '梁博'),
('1979677677', '雀婊', 'm', '56', 'zh-tw', 0, '', 45, 1, '梁博'),
('1835622160', 'Ryan朙', 'm', '166', 'zh-cn', 0, '', 44, 1, '梁博'),
('2008945405', 'Ailsalixmu', 'f', '208', 'zh-cn', 0, '', 35, 1, '梁博'),
('2879747782', '被封号的狗样人生', 'm', '87', 'zh-cn', 0, '', 400, 2, '梁博'),
('2624958670', '鞋衣韩舍', 'f', '1832', 'zh-cn', 0, 'http://www.aikujie.com', 44, 1, '梁博'),
('2158174835', '峰怡88', 'm', '159', 'zh-cn', 0, '', 34, 15, '梁博'),
('2689339417', '谁也不中了', 'm', '6', 'zh-cn', 0, '', 100, 1000, '梁博'),
('1911551497', '各有索颢731', 'm', '142', 'zh-cn', 0, '', 12, 1000, '梁博'),
('1675160912', '阿黛拉lucy', 'f', '1406', 'zh-cn', 0, 'http://lucy-64-lucy.blog.163.com', 44, 3, '梁博'),
('2527925812', 'Amy李细容', 'f', '120', 'zh-cn', 0, '', 31, 5, '梁博'),
('1766870125', '万鑫之围脖', 'm', '374', 'zh-cn', 0, '', 37, 2, '梁博'),
('2058454731', 'DIDI位', 'f', '58', 'zh-tw', 0, '', 43, 1, '梁博'),
('2951766863', 'psy孤雁1993', 'm', '114', 'zh-cn', 0, '', 44, 1, '梁博'),
('1657569672', '谷天雨2012', 'm', '236', 'zh-cn', 0, 'http://blog.sina.com.cn/revolutionaryroad2009', 11, 2, '梁博'),
('1739773237', '罗瘦宁', 'm', '871', 'zh-cn', 0, 'http://kent--luo.blog.163.com/album', 44, 1, '梁博'),
('2378481964', '树上的芦苇', 'f', '73', 'zh-cn', 0, '', 44, 1, '梁博'),
('1876876457', 'Joyi_wang', 'm', '219', 'zh-cn', 0, '', 44, 1, '梁博'),
('1927302121', '秋天的风_1204', 'f', '129', 'zh-cn', 0, '', 31, 1000, '梁博'),
('2929574334', '黄金迷城OL', 'm', '2215', 'zh-cn', 0, '', 400, 1, '梁博'),
('1749610047', 'Miko菲', 'f', '294', 'zh-cn', 0, '', 61, 1000, '梁博'),
('2485396301', 'Carly果果', 'f', '19', 'zh-cn', 0, '', 32, 2, '梁博'),
('1689652674', 'SKITTER镜小罗缴着吧', 'f', '517', 'zh-cn', 0, 'http://blog.sina.com.cn/lunamer', 400, 3, '梁博'),
('2320158863', 'Candy花园2011', 'f', '128', 'zh-cn', 0, '', 32, 1, '梁博'),
('1657722960', '顽受no疆', 'm', '172', 'zh-cn', 0, 'http://blog.sina.com.cn/cowboylove', 44, 3, '梁博'),
('1722306897', 'sherrielin', 'f', '1235', 'zh-cn', 0, '', 400, 1, '梁博'),
('1837368495', '丫头饱饱', 'f', '58', 'zh-cn', 0, '', 61, 1, '梁博'),
('1788761571', 'April__Rain', 'f', '35', 'zh-cn', 0, '', 35, 1, '梁博'),
('2131895310', '润润的水水的', 'f', '93', 'zh-cn', 0, 'http://weibo.com/runrunshuishui666', 31, 15, '梁博'),
('1879241603', 'Amanda-n', 'f', '1259', 'zh-cn', 0, '', 100, 1000, '梁博'),
('1849259274', '身骑白马闯山关', 'm', '31', 'zh-cn', 0, '', 50, 26, '梁博'),
('2144915661', '猪脸龟-SissiHAI', 'm', '224', 'zh-cn', 0, '', 400, 27, '梁博'),
('1887760000', '风发扬励', 'm', '684', 'zh-cn', 0, '', 37, 2, '梁博'),
('2365428830', '七叶1967', 'f', '85', 'zh-cn', 0, '', 32, 2, '梁博'),
('2696514283', 'sunny-桃妈', 'f', '103', 'zh-cn', 0, '', 33, 3, '梁博'),
('2757546863', '我在说2012', 'm', '77', 'zh-cn', 0, '', 11, 5, '梁博'),
('2886900317', '中国好声音微吧', 'm', '715734', 'zh-cn', 1, 'http://weiba.weibo.com/haoshengyin', 11, 1000, '梁博'),
('1795994825', '时光高峰', 'm', '45', 'zh-cn', 0, '', 61, 1, '梁博'),
('1740701192', '如果巴黎不快乐GD', 'f', '114', 'zh-cn', 0, 'http://blog.sina.com.cn/wsacm', 13, 1000, '梁博'),
('1596746091', '拉佩奇', 'm', '449', 'zh-cn', 0, 'http://blog.sina.com.cn/u/1596746091', 11, 5, '梁博'),
('2158965561', '努力吧YDD', 'm', '43', 'zh-cn', 0, '', 32, 2, '梁博'),
('1776194731', '洋小花--flower', 'f', '50', 'zh-cn', 0, '', 32, 12, '梁博'),
('2331590605', '热推荐-', 'f', '3816', 'zh-cn', 0, '', 21, 3, '梁博'),
('1731974495', '天天Richy', 'm', '2490', 'zh-cn', 0, 'http://yi1991.qzone.qq.com', 46, 1, '梁博'),
('2174983902', '到北极圈放烟火', 'f', '122', 'zh-cn', 0, '', 12, 26, '梁博'),
('1573282314', '红颜虽恏', 'f', '177', 'zh-cn', 0, '', 51, 1, '梁博'),
('2496129812', '乐无欢', 'f', '48', 'zh-cn', 0, 'http://blog.sina.com.cn/u/2496129812', 21, 2, '梁博'),
('1936822380', 'V5sally', 'f', '148', 'zh-cn', 0, '', 11, 8, '梁博'),
('1280358831', '-Eye-', 'f', '936', 'zh-cn', 0, 'http://blog.sina.com.cn/zhangyanjing0331', 14, 9, '梁博'),
('1215102862', 'p彭彭b', 'm', '60', 'zh-cn', 0, '', 11, 14, '梁博'),
('1763955673', '浅香的茶', 'm', '1951', 'zh-cn', 1, 'http://blog.sina.com.cn/u/1763955673', 12, 1000, '梁博'),
('2133375101', '5达的可乐', 'f', '272', 'zh-cn', 0, '', 400, 16, '梁博'),
('1421585117', '超级玛丽亮', 'm', '74', 'zh-cn', 0, '', 12, 5, '梁博'),
('2259254215', '辉煌顶峰', 'm', '80', 'zh-cn', 0, '', 11, 5, '梁博'),
('1817695331', '京伦Allen', 'm', '577', 'zh-cn', 0, '', 44, 8, '梁博'),
('1907922295', 'Mr_Nothing-at-all', 'f', '575', 'zh-cn', 0, '', 50, 1000, '梁博'),
('2766479563', '唐唐-1013', 'f', '77', 'zh-cn', 0, '', 21, 1, '梁博'),
('2117810925', '面朝NGO', 'm', '173', 'zh-cn', 0, '', 44, 3, '梁博'),
('2790536562', '深圳招华曦城', 'm', '1383', 'zh-cn', 1, 'http://www.cmoct.com/', 44, 3, '梁博'),
('2079527985', 'Rosies_Mom', 'f', '103', 'zh-cn', 0, '', 400, 1, '梁博'),
('1406359244', '徐行散人', 'm', '107', 'zh-cn', 0, '', 11, 1000, '梁博'),
('1990253661', '开艳-Karli', 'f', '753', 'zh-cn', 0, 'http://weibo.com/1990253661/profile/', 34, 17, '梁博'),
('2790534335', '倾__听__者', 'f', '57', 'zh-cn', 0, '', 45, 1, '梁博'),
('1574235374', 'Kim_金小花', 'm', '288', 'zh-cn', 0, '', 21, 2, '梁博'),
('1946899762', '长春万客会', 'f', '2705', 'zh-cn', 1, '', 22, 1, '梁博'),
('2329521520', 'letaotao0314', 'f', '55', 'zh-cn', 0, '', 31, 15, '梁博'),
('1790223291', '叫我诚实小郎君', 'm', '253', 'zh-cn', 0, 'http://blog.sina.com.cn/quentane', 44, 1, '梁博'),
('1707245745', 'Yene', 'f', '439', 'zh-tw', 0, 'http://dxy0215.blog.sohu.com', 11, 5, '梁博'),
('1807676564', '阿三七Vincent', 'm', '66', 'zh-cn', 0, 'http://blog.sina.com.cn/u/1807676564', 11, 1000, '梁博'),
('2974803275', '花骨朶儿mm', 'f', '1', 'zh-cn', 0, '', 23, 1, '梁博'),
('2121100175', '楊小敏--', 'f', '112', 'zh-cn', 0, '', 44, 6, '梁博'),
('1723896562', 'pepeco', 'f', '161', 'zh-cn', 0, 'http://blog.sina.com.cn/pxcwan', 11, 8, '梁博'),
('1890738792', '琼123小窝', 'f', '253', 'zh-cn', 0, '', 42, 1, '梁博'),
('1393878681', '喃是兵', 'm', '122', 'zh-cn', 0, '', 13, 9, '梁博'),
('1764564895', '小驴儿candylin', 'f', '195', 'zh-cn', 0, '', 21, 2, '梁博'),
('1277513707', '说好不打酱油', 'm', '515', 'zh-cn', 0, '', 44, 1, '梁博'),
('2654740432', '网商登峰', 'm', '537', 'zh-cn', 0, 'http://blog.sina.com.cn/u/2654740432', 35, 2, '梁博'),
('1771932997', '两不厌2000', 'f', '61', 'zh-cn', 0, 'http://blog.sina.com.cn/liangbuyan', 400, 1, '梁博'),
('1446775947', '向阳之雪', 'f', '929', 'zh-cn', 0, '', 22, 1, '梁博'),
('2775749973', '汤坶哥', 'm', '99', 'zh-cn', 0, '', 23, 1, '梁博'),
('2997740904', '文凤ding', 'f', '129', 'zh-cn', 0, 'http://blog.sina.com.cn/u/2997740904', 44, 3, '梁博'),
('1223964423', 'C-294南至云彩', 'f', '75', 'zh-cn', 0, 'http://weibo.com/1223964423/profile?topnav=1', 50, 6, '梁博'),
('2480037361', '柯Kaikai', 'f', '71', 'zh-cn', 0, '', 11, 5, '梁博'),
('1611968334', '幸福的宋承宪', 'f', '1589', 'zh-cn', 0, 'http://blog.sina.com.cn/xxd66jp 爱国爱家爱邓超', 400, 15, '梁博'),
('1868357432', '辰缘缘', 'f', '145', 'zh-cn', 0, '', 13, 2, '梁博'),
('2308966102', '2b秀敏-KUANG', 'f', '36', 'zh-cn', 0, 'http://blog.sina.com.cn/u/2308966102', 44, 6, '梁博'),
('2194369192', '安娜只爱权振东_心已飞到演唱会', 'f', '688', 'zh-cn', 0, 'http://blog.sina.com.cn/u/2194369192', 22, 1, '梁博'),
('2005230073', '第几个marc__', 'm', '1603', 'zh-tw', 0, 'http://blog.sina.com.cn/u/2005230073', 22, 1, '梁博'),
('2957563753', '丁伊雯874193796', 'f', '3', 'zh-cn', 0, '', 22, 1000, '梁博'),
('2001855581', 'yanxjun_录', 'm', '97', 'zh-cn', 0, '', 44, 1, '梁博'),
('2949326807', '梦里水香8', 'f', '14', 'zh-cn', 0, '', 41, 2, '梁博'),
('1420110282', 'tyfree', 'm', '1670', 'zh-cn', 1, '', 44, 3, '梁博'),
('1872428482', 'Bingle宾果耳机', 'm', '63733', 'zh-cn', 1, '', 44, 3, '梁博'),
('1824069907', '周大金金金', 'f', '519', 'zh-cn', 0, '', 13, 3, '梁博'),
('1837005223', 'Kevin在能源2012', 'm', '1207', 'zh-cn', 0, 'http://weibo.com/zhengzongbin', 11, 5, '梁博'),
('2524278820', '温达伦', 'm', '884', 'zh-cn', 0, 'http://blog.sina.com.cn/u/2524278820', 33, 3, '梁博'),
('1675036115', '挨骂的臭鱼', 'm', '25', 'zh-cn', 0, 'http://blog.sina.com.cn/zilongchris', 11, 8, '梁博'),
('1772602627', '说好的喜马拉雅呢', 'f', '1058', 'zh-cn', 0, '', 100, 1000, '梁博'),
('2554241931', '金大雄的冬天', 'm', '392', 'zh-cn', 0, '', 22, 1, '梁博'),
('2951326312', '英语网站123', 'f', '847', 'zh-cn', 0, 'http://www.yywz123.com/', 37, 6, '梁博'),
('1801638442', '小P说', 'm', '89', 'zh-cn', 0, '', 44, 17, '梁博'),
('2920910627', '麦氏咖啡V', 'm', '43', 'zh-cn', 0, '', 37, 2, '梁博'),
('1672631825', 'artism168', 'm', '30', 'zh-cn', 0, 'http://blog.sina.com.cn/artism', 37, 1, '梁博'),
('1951717837', '高贱贱amocielo', 'f', '437', 'zh-cn', 0, '', 11, 5, '梁博'),
('1850380060', '摩卡西西amanda', 'f', '315', 'zh-cn', 0, '', 11, 5, '梁博'),
('2127291173', '谢阿瞒', 'm', '4676', 'zh-cn', 0, '', 33, 2, '梁博'),
('1626108161', '蓝莲花616', 'f', '107', 'zh-cn', 0, '', 37, 13, '梁博'),
('2506589435', '脾气差到爆_志均', 'm', '307', 'zh-cn', 0, '', 44, 19, '梁博'),
('1717010070', '叫我Clytze', 'f', '31', 'zh-cn', 0, '', 21, 2, '梁博'),
('1719051142', '肉嘟嘟米虫', 'f', '201', 'zh-cn', 0, '', 31, 7, '梁博'),
('2169105244', '换个地方住', 'f', '0', 'zh-cn', 0, '', 32, 7, '梁博'),
('1859746490', '果粒Gifford-V84', 'm', '331', 'zh-cn', 0, 'http://www.renren.com/51074445', 31, 10, '梁博'),
('1657394357', 'Code0033', 'm', '972', 'zh-cn', 0, '', 21, 11, '梁博'),
('2847638054', '黑海丹尼', 'm', '160', 'zh-cn', 0, '', 35, 1, '梁博'),
('1493474831', 'HLL的小眼神儿', 'f', '276', 'zh-cn', 0, 'http://blog.sina.com.cn/dreamingfly88', 11, 7, '梁博'),
('2088663107', '黑森林洞穴约七日红', 'm', '126', 'zh-cn', 0, '', 12, 4, '梁博'),
('2779727595', '双子王田', 'f', '96', 'zh-cn', 0, '', 37, 7, '梁博'),
('1851301075', 'hermitford', 'm', '135', 'zh-cn', 0, '', 400, 1, '梁博'),
('2064556275', '郑强0241', 'm', '86', 'zh-cn', 0, '', 43, 1, '梁博'),
('1263870742', 'lovehupig', 'f', '126', 'zh-cn', 0, '', 42, 1, '梁博'),
('1802439310', '稻稻稻稻稻', 'm', '125', 'zh-cn', 0, '', 51, 1, '梁博'),
('2625983887', '神迹破儿', 'f', '28', 'zh-cn', 0, '', 51, 13, '梁博'),
('2151697501', '抬头朢着天', 'm', '172', 'zh-cn', 0, 'http://blog.163.com/remind_happy/', 33, 1, '梁博'),
('2151457560', '蓝雨水_', 'm', '426', 'zh-cn', 0, '', 100, 1000, '梁博'),
('1321395892', '冯子晗', 'm', '1558', 'zh-cn', 0, '', 11, 1000, '梁博'),
('1442525454', 'LeoDL', 'm', '170', 'zh-cn', 0, 'http://blog.sina.com.cn/afeixiaomao', 22, 1, '梁博'),
('1730885933', '王动与郭大路', 'm', '843', 'zh-cn', 0, '', 100, 1000, '梁博'),
('2380830931', '不二芬-', 'f', '195', 'zh-tw', 0, '', 42, 1, '梁博'),
('2164516432', 'xxxholic-JIn', 'f', '499', 'zh-cn', 0, 'http://blog.sina.com.cn/u/2164516432', 100, 1000, '梁博'),
('1073302440', '1凡guitar', 'm', '364', 'zh-cn', 0, 'http://blog.sina.com.cn/wangyifan', 12, 5, '梁博'),
('1841817265', '水印色', 'f', '347', 'zh-cn', 0, '', 11, 8, '梁博'),
('1632615150', '沫沫周-', 'f', '503', 'zh-cn', 0, 'http://blog.sina.com.cn/safesound', 400, 5, '梁博'),
('1863653507', '陈竞博Serena', 'f', '142', 'zh-cn', 0, '', 22, 1, '梁博'),
('2338336375', '壹涵妈', 'f', '76', 'zh-cn', 0, '', 32, 1, '梁博'),
('1840108197', '1987rabbit', 'f', '248', 'zh-cn', 0, '', 22, 1, '梁博'),
('2580100540', '炎炎妈咪', 'f', '36', 'zh-cn', 0, 'http://blog.sina.com.cn/99m88', 33, 1, '梁博'),
('2200332283', '袁小南', 'f', '91', 'zh-cn', 0, '', 100, 1000, '梁博'),
('1863269144', '波透社de小柔', 'f', '1963', 'zh-cn', 0, 'http://blog.sina.com.cn/tinayush', 31, 15, '梁博'),
('1148037262', '中华曲库上下册', 'm', '59', 'zh-cn', 0, '', 11, 1000, '梁博'),
('2438456250', 'MAYUNHAO-better-me', 'm', '1174', 'zh-cn', 0, '', 51, 6, '梁博'),
('1908288287', '____小羅', 'm', '284', 'zh-cn', 0, '', 44, 1, '梁博'),
('2295851483', '小言_小言', 'm', '90', 'zh-cn', 0, '', 36, 1, '梁博'),
('2551013507', 'thepoor', 'm', '168', 'zh-cn', 0, '', 50, 8, '梁博'),
('2551013507', 'thepoor', 'm', '168', 'zh-cn', 0, '', 50, 8, '梁博'),
('1817253931', '杨帆-小霸王', 'm', '457', 'zh-cn', 0, '', 31, 6, '梁博'),
('1820786497', '为什么非得起个名字_', 'f', '317', 'zh-cn', 0, '', 11, 5, '梁博'),
('1566543497', '夏天里的棉帽子', 'f', '2140', 'zh-cn', 1, '', 37, 6, '梁博'),
('2210937982', '青山浅藏白云间', 'm', '135', 'zh-cn', 0, '', 11, 2, '梁博'),
('1561782791', '跃牛', 'm', '232', 'zh-cn', 0, '', 44, 52, '梁博'),
('1608423301', '_匹諾曹丶', 'm', '578', 'zh-cn', 0, 'http://www.douban.com/people/Rg.K.s/', 12, 4, '梁博'),
('1947094463', '刘小凤呼叫吴大龙', 'f', '212', 'zh-cn', 0, '', 400, 5, '梁博'),
('1502482003', '红红红红红黑', 'm', '321', 'zh-cn', 0, '', 33, 1, '梁博'),
('1959151443', '暖雪Silvia', 'f', '121', 'zh-cn', 0, '', 31, 10, '梁博'),
('1620126654', '做最好的自己1975', 'f', '65', 'zh-cn', 0, '', 12, 1000, '梁博'),
('1749766222', '鹏獒', 'm', '37', 'zh-cn', 0, 'http://blog.sina.com.cn/u/1749766222', 44, 3, '梁博'),
('1654643367', '南海的南方', 'm', '423', 'zh-cn', 0, '', 44, 4, '梁博'),
('1830990870', '有心不如无意', 'f', '38', 'zh-cn', 0, '', 100, 1000, '梁博'),
('2979571484', '1朵2朵-', 'f', '97', 'zh-cn', 0, '', 43, 1, '梁博'),
('1806666893', '谁人知我_莲的心事', 'f', '148', 'zh-cn', 0, '', 37, 1000, '梁博'),
('2142099163', '王道CP吧', 'm', '22841', 'zh-cn', 0, '', 400, 1000, '梁博'),
('1782803053', '方方方方方不想回家', 'f', '302', 'zh-cn', 0, '', 37, 1, '梁博'),
('1220090505', '蓝兔子1974', 'f', '504', 'zh-cn', 0, 'http://blog.sina.com.cn/lantuzi1974', 11, 5, '梁博'),
('1677127150', '虚屋生白', 'm', '3607', 'zh-cn', 0, '', 14, 23, '梁博'),
('2645983612', '天蝎座Alpha', 'm', '26', 'zh-cn', 0, '', 33, 1, '梁博'),
('2935876147', '-祐手緍裓', 'f', '19', 'zh-cn', 0, '', 14, 1, '梁博'),
('1146213294', '通透依然喜悦', 'f', '381', 'zh-cn', 0, 'http://blog.sina.com.cn/wjtx1526', 13, 10, '梁博'),
('1873459594', '感情咨询师梦梦梦', 'f', '697', 'zh-cn', 0, '', 61, 1, '梁博'),
('1904778721', 'sunyuan841212', 'f', '536', 'zh-cn', 0, '', 11, 8, '梁博'),
('2396237431', '心底之沫', 'f', '43', 'zh-cn', 0, '', 41, 1, '梁博'),
('1785445683', '踏雪紫铃', 'f', '278', 'zh-cn', 0, '', 22, 1, '梁博'),
('2696575443', '田云燕不是个瘦子', 'f', '6', 'zh-cn', 0, '', 37, 11, '梁博'),
('1663642525', '闷骚小男人儿', 'm', '1757', 'zh-cn', 0, 'http://blog.sina.com.cn/tuziweicdut', 35, 2, '梁博'),
('2660051681', '斷涯誶魂', 'm', '26', 'zh-cn', 0, '', 61, 1, '梁博'),
('1934277504', '佐咗柚-金华劲武双节棍社', 'f', '147', 'zh-cn', 0, '', 33, 7, '梁博'),
('1397160932', '大琼小雯', 'f', '97', 'zh-cn', 0, 'http://blog.sina.com.cn/bluesky112123', 43, 1, '梁博'),
('1815710247', '口口先森', 'm', '145', 'zh-cn', 0, '', 23, 1, '梁博'),
('1245893935', 'Kiwipedia_Lee', 'm', '934', 'zh-cn', 0, '', 81, 15, '梁博'),
('1967266714', 'lsilong', 'm', '321', 'zh-cn', 0, 'http://blog.163.com/lin_silong/', 44, 1, '梁博'),
('1822243985', '小米主义', 'f', '102', 'zh-cn', 0, '', 11, 1, '梁博'),
('1772954590', '劉濤先生哟', 'm', '338', 'zh-cn', 0, 'http://t.sina.com.cn/nicesummer', 21, 2, '梁博'),
('1877201467', '哎嘛Yangyang', 'f', '286', 'zh-cn', 0, 'http://blog.sina.com.cn/zhaoyangswufe', 51, 1, '梁博'),
('2640039381', 'pdcpwcq', 'm', '144', 'zh-cn', 0, '', 44, 1, '梁博'),
('1746914415', '驴行鸡汤', 'm', '1189', 'zh-cn', 0, 'http://blog.sina.com.cn/lxjitang', 31, 12, '梁博'),
('2570882917', '徐圣淇SunShine', 'f', '234', 'zh-cn', 0, '', 11, 5, '梁博'),
('1064396945', 'Amazing-Bo', 'm', '801', 'zh-cn', 0, 'http://blog.sina.com.cn/hubo16036', 22, 1, '梁博'),
('2005651175', '_兵不厌诈_', 'm', '1072', 'zh-cn', 0, '', 11, 5, '梁博'),
('1586764955', '汪洋中的一只小鱼', 'f', '454', 'zh-cn', 0, 'http://blog.sina.com.cn/passcj', 11, 1000, '梁博'),
('1046033922', 'superliliyu', 'f', '1583', 'zh-cn', 1, '', 11, 5, '梁博'),
('1945406003', '路文韬', 'm', '1132', 'zh-cn', 0, '', 11, 1000, '梁博'),
('1956861942', '水木1603', 'f', '79', 'zh-cn', 0, '', 44, 3, '梁博'),
('1728810680', '汪舟洋慢灵魂', 'm', '321', 'zh-cn', 0, 'http://blog.sina.com.cn/mykonos024', 34, 1000, '梁博'),
('2140847853', '姜海峰sandman', 'm', '179', 'zh-cn', 0, '', 23, 1, '梁博'),
('1736126092', 'Lynna曼曼', 'f', '306', 'zh-cn', 0, '', 400, 5, '梁博'),
('1026561064', 'leo-李天元', 'm', '1031', 'zh-cn', 0, '', 34, 1, '梁博'),
('2788250227', '赵子淇-', 'f', '266', 'zh-cn', 0, '', 22, 1, '梁博'),
('1984190595', '美洲花栗鼠', 'm', '1463', 'zh-cn', 0, 'http://blog.sina.com.cn/u/1984190595', 400, 5, '梁博'),
('1731094101', 'JoshuaTreez', 'f', '279', 'zh-cn', 0, '', 400, 1, '梁博'),
('1789568427', 'love動人旋律', 'f', '367', 'zh-cn', 0, 'http://blog.sina.com/qing', 37, 17, '梁博'),
('2361226874', 'ccimu', 'm', '79', 'zh-cn', 0, '', 42, 1, '梁博'),
('1951369543', '芳姐旳闺女', 'f', '130', 'zh-cn', 0, '', 22, 1, '梁博'),
('1828778652', '杨优优YY', 'f', '91', 'zh-cn', 0, '', 100, 1000, '梁博'),
('1749772620', '恋猫情节SUMMER', 'f', '536', 'zh-cn', 0, '', 400, 22, '梁博'),
('2887693251', '手机用户2887693251', 'f', '20', 'zh-cn', 0, '', 100, 1000, '梁博'),
('1781197481', '石頭哥_李大雷', 'm', '516', 'zh-cn', 0, 'http://www.renren.com/profile.do?id=244078227', 61, 8, '梁博'),
('2654901970', 'HBZCOM', 'm', '175', 'zh-cn', 0, 'http://blog.sina.com.cn/u/2654901970', 44, 8, '梁博'),
('1082020085', '孙大峰', 'm', '3269', 'zh-cn', 1, '', 22, 1, '梁博'),
('2365696533', '笨笨的蛋蛋婷婷', 'f', '104', 'zh-cn', 0, '', 21, 1, '梁博'),
('2274679001', '李奕晗', 'm', '134', 'zh-cn', 0, '', 400, 1, '梁博'),
('2153829172', '我madeinchina', 'f', '314', 'zh-cn', 0, '', 400, 2, '梁博'),
('1729707311', 'Racolas', 'm', '4787', 'zh-cn', 0, '', 400, 1, '梁博'),
('1290313561', '在松手的城市', 'm', '227', 'zh-cn', 0, 'http://blog.sina.com.cn/zssdcs', 11, 5, '梁博'),
('2964079130', '哒呀呀', 'f', '52', 'zh-cn', 0, '', 31, 1, '梁博'),
('1752830953', 'freeegg_JONisVF', 'f', '421', 'zh-cn', 0, '', 400, 1, '梁博'),
('1247711124', '渝仙', 'm', '624', 'zh-cn', 0, '', 44, 3, '梁博'),
('2791665525', '雄狮人生之卷土重来', 'm', '207', 'zh-cn', 0, '', 41, 1000, '梁博'),
('1826972440', '向往两男一狗生活的可爱大豆芽', 'm', '1871', 'zh-cn', 0, '', 11, 5, '梁博'),
('2880083944', '区区天下', 'm', '153', 'zh-cn', 0, '', 22, 1, '梁博'),
('1935463923', '皓_Hal', 'm', '869', 'zh-cn', 0, 'http://blog.sina.com.cn/s/blog_4dcb832d010009fi.html', 37, 8, '梁博'),
('1863713655', 'LTP-肥钟', 'm', '535', 'zh-cn', 0, '', 44, 1000, '梁博'),
('1778520637', '劈哩啪啦碰碰碰', 'm', '10', 'zh-tw', 0, '', 71, 1, '梁博'),
('2494634572', '指尖艺术伤手', 'm', '1153', 'zh-cn', 0, 'http://blog.163.com/zp520shuang/', 44, 1, '梁博'),
('1762336074', '洋白白滕_夜貓', 'f', '241', 'zh-cn', 0, '', 12, 2, '梁博'),
('2785534494', 'bin---0311', 'm', '85', 'zh-cn', 0, '', 44, 3, '梁博');

-- --------------------------------------------------------

--
-- Table structure for table `music_love`
--

DROP TABLE IF EXISTS `music_love`;
CREATE TABLE IF NOT EXISTS `music_love` (
  `total` int(11) NOT NULL,
  `hits` int(11) NOT NULL,
  `keyword` varchar(30) NOT NULL
) ENGINE=InnoDB DEFAULT CHARSET=utf8;

--
-- Dumping data for table `music_love`
--

INSERT INTO `music_love` (`total`, `hits`, `keyword`) VALUES
(760, 129, '梁博');

-- --------------------------------------------------------

--
-- Table structure for table `plots`
--

DROP TABLE IF EXISTS `plots`;
CREATE TABLE IF NOT EXISTS `plots` (
  `stat` int(10) NOT NULL,
  `date` date NOT NULL,
  `keyword` varchar(30) NOT NULL
) ENGINE=InnoDB DEFAULT CHARSET=utf8;

--
-- Dumping data for table `plots`
--

INSERT INTO `plots` (`stat`, `date`, `keyword`) VALUES
(83, '2012-09-01', '梁博'),
(55, '2012-09-02', '梁博'),
(56, '2012-09-03', '梁博'),
(46, '2012-09-04', '梁博'),
(49, '2012-09-05', '梁博'),
(40, '2012-09-06', '梁博'),
(46350, '2012-09-07', '梁博'),
(25956, '2012-09-08', '梁博'),
(14832, '2012-09-09', '梁博'),
(3708, '2012-09-10', '梁博'),
(1854, '2012-09-11', '梁博'),
(722, '2012-09-12', '梁博'),
(620, '2012-09-13', '梁博'),
(3708, '2012-09-14', '梁博'),
(1979, '2012-09-15', '梁博'),
(1854, '2012-09-16', '梁博'),
(5562, '2012-09-17', '梁博'),
(7416, '2012-09-18', '梁博'),
(1854, '2012-09-19', '梁博'),
(2057, '2012-09-20', '梁博'),
(3708, '2012-09-21', '梁博'),
(1448, '2012-09-22', '梁博'),
(552, '2012-09-23', '梁博'),
(486, '2012-09-24', '梁博'),
(463, '2012-09-25', '梁博'),
(401, '2012-09-26', '梁博'),
(432, '2012-09-27', '梁博'),
(118656, '2012-09-28', '梁博'),
(68598, '2012-09-29', '梁博'),
(441252, '2012-09-30', '梁博'),
(34447, '2012-09-01', '吴莫愁'),
(30821, '2012-09-02', '吴莫愁'),
(9065, '2012-09-03', '吴莫愁'),
(3626, '2012-09-04', '吴莫愁'),
(818, '2012-09-05', '吴莫愁'),
(716, '2012-09-06', '吴莫愁'),
(5439, '2012-09-07', '吴莫愁'),
(1813, '2012-09-08', '吴莫愁'),
(914, '2012-09-09', '吴莫愁'),
(492, '2012-09-10', '吴莫愁'),
(417, '2012-09-11', '吴莫愁'),
(319, '2012-09-12', '吴莫愁'),
(332, '2012-09-13', '吴莫愁'),
(961, '2012-09-14', '吴莫愁'),
(797, '2012-09-15', '吴莫愁'),
(637, '2012-09-16', '吴莫愁'),
(1813, '2012-09-17', '吴莫愁'),
(710, '2012-09-18', '吴莫愁'),
(3626, '2012-09-19', '吴莫愁'),
(2075, '2012-09-20', '吴莫愁'),
(105154, '2012-09-21', '吴莫愁'),
(45325, '2012-09-22', '吴莫愁'),
(32634, '2012-09-23', '吴莫愁'),
(30821, '2012-09-24', '吴莫愁'),
(14504, '2012-09-25', '吴莫愁'),
(7252, '2012-09-26', '吴莫愁'),
(3626, '2012-09-27', '吴莫愁'),
(76146, '2012-09-28', '吴莫愁'),
(41699, '2012-09-29', '吴莫愁'),
(387982, '2012-09-30', '吴莫愁');

-- --------------------------------------------------------

--
-- Table structure for table `request`
--

DROP TABLE IF EXISTS `request`;
CREATE TABLE IF NOT EXISTS `request` (
  `id` int(100) NOT NULL AUTO_INCREMENT,
  `keyword` varchar(30) NOT NULL,
  PRIMARY KEY (`id`)
) ENGINE=InnoDB  DEFAULT CHARSET=utf8 AUTO_INCREMENT=7 ;

--
-- Dumping data for table `request`
--

INSERT INTO `request` (`id`, `keyword`) VALUES
(6, '吴莫愁');

-- --------------------------------------------------------

--
-- Table structure for table `users`
--

DROP TABLE IF EXISTS `users`;
CREATE TABLE IF NOT EXISTS `users` (
  `user` varchar(15) NOT NULL,
  `keyword` varchar(30) NOT NULL,
  `weibo` varchar(300) NOT NULL
) ENGINE=InnoDB DEFAULT CHARSET=utf8;

--
-- Dumping data for table `users`
--

INSERT INTO `users` (`user`, `keyword`, `weibo`) VALUES
('1762668841', '梁博', ''),
('2670990432', '梁博', ''),
('1709407564', '梁博', ''),
('2280847207', '梁博', ''),
('1305710744', '梁博', ''),
('2845301465', '梁博', ''),
('1872252072', '梁博', ''),
('1882374371', '梁博', ''),
('23177669', '梁博', ''),
('2010520257', '梁博', ''),
('1841817265', '梁博', ''),
('1730147173', '梁博', ''),
('1760038743', '梁博', ''),
('1663965387', '梁博', ''),
('2922878464', '梁博', ''),
('1661719944', '梁博', ''),
('1817607271', '梁博', ''),
('1790454961', '梁博', ''),
('1581414613', '梁博', ''),
('2674719852', '梁博', ''),
('2959878217', '梁博', ''),
('2492391630', '梁博', ''),
('1818837631', '梁博', ''),
('1651123177', '梁博', ''),
('2858684825', '梁博', ''),
('1841182263', '梁博', ''),
('2690091875', '梁博', ''),
('1653082874', '梁博', ''),
('1719269915', '梁博', ''),
('2079312171', '梁博', ''),
('2358135587', '梁博', ''),
('1867462335', '梁博', ''),
('1867924970', '梁博', ''),
('1269013144', '梁博', ''),
('1403263173', '梁博', ''),
('1272066223', '梁博', ''),
('2096655837', '梁博', ''),
('1401397535', '梁博', ''),
('1928296964', '梁博', ''),
('1360218623', '梁博', ''),
('2744059332', '梁博', ''),
('2638804742', '梁博', ''),
('1762901353', '梁博', ''),
('1317373275', '梁博', ''),
('2472994171', '梁博', ''),
('1882175060', '梁博', ''),
('2276735363', '梁博', ''),
('2784968342', '梁博', ''),
('2104283967', '梁博', ''),
('2281252070', '梁博', ''),
('1663965387', '梁博', ''),
('1649544174', '梁博', ''),
('1906916083', '梁博', ''),
('2796210691', '梁博', ''),
('1677052543', '梁博', ''),
('1459753194', '梁博', ''),
('1789617250', '梁博', ''),
('1836248872', '梁博', ''),
('2875330042', '梁博', ''),
('1266142022', '梁博', ''),
('2335524962', '梁博', ''),
('2056821867', '梁博', ''),
('2658550350', '梁博', ''),
('1169087225', '梁博', ''),
('1884660052', '梁博', ''),
('1712393940', '梁博', ''),
('2949326807', '梁博', ''),
('2135542160', '梁博', ''),
('2788250227', '梁博', ''),
('1100873394', '梁博', ''),
('2650814684', '梁博', ''),
('1768367794', '梁博', ''),
('2210872604', '梁博', ''),
('1925878451', '梁博', ''),
('1809872472', '梁博', ''),
('1797298094', '梁博', ''),
('1431358334', '梁博', ''),
('1663605352', '梁博', ''),
('2453443551', '梁博', ''),
('2413838661', '梁博', ''),
('2621682477', '梁博', ''),
('1766189970', '梁博', ''),
('2713983643', '梁博', ''),
('1876474091', '梁博', ''),
('1709561653', '梁博', ''),
('1188270373', '梁博', ''),
('1740896964', '梁博', ''),
('2212545391', '梁博', ''),
('2337823633', '梁博', ''),
('1888849423', '梁博', ''),
('2751594061', '梁博', ''),
('2807595650', '梁博', ''),
('2018583893', '梁博', ''),
('1775132870', '梁博', ''),
('2908765967', '梁博', ''),
('1764083764', '梁博', ''),
('1717621763', '梁博', ''),
('1944033405', '梁博', ''),
('1081721922', '梁博', ''),
('1783509197', '梁博', ''),
('1773418777', '梁博', ''),
('1853905463', '梁博', ''),
('2289232845', '梁博', ''),
('2584310412', '梁博', ''),
('2858684825', '梁博', ''),
('2696417572', '梁博', ''),
('2134263294', '梁博', ''),
('1729711174', '梁博', ''),
('1814551524', '梁博', ''),
('1590493381', '梁博', ''),
('2517206673', '梁博', ''),
('1692063730', '梁博', ''),
('1896101381', '梁博', ''),
('1886553874', '梁博', ''),
('2958552251', '梁博', ''),
('1986940751', '梁博', ''),
('1911717411', '梁博', ''),
('1864770583', '梁博', ''),
('1699460887', '梁博', ''),
('1953595967', '梁博', ''),
('1237199894', '梁博', ''),
('1556186722', '梁博', ''),
('1814516382', '梁博', ''),
('1520509641', '梁博', ''),
('2736682883', '梁博', ''),
('1773881811', '梁博', ''),
('1762634904', '梁博', ''),
('2480037361', '梁博', ''),
('2213718022', '梁博', ''),
('2038897057', '梁博', ''),
('1806443072', '梁博', ''),
('1843961553', '梁博', ''),
('1456333410', '梁博', ''),
('1568378387', '梁博', ''),
('1797156805', '梁博', ''),
('1930699171', '梁博', ''),
('1953086745', '梁博', ''),
('2332594964', '梁博', ''),
('1826089970', '梁博', ''),
('2958552251', '梁博', ''),
('1819770427', '梁博', ''),
('2651541140', '梁博', ''),
('1810812317', '梁博', ''),
('1759932007', '梁博', ''),
('1360649485', '梁博', ''),
('1829587552', '梁博', ''),
('1988761492', '梁博', ''),
('1732601067', '梁博', ''),
('1653657010', '梁博', ''),
('2788184670', '梁博', ''),
('2285500231', '梁博', ''),
('1761719750', '梁博', ''),
('1652886484', '梁博', ''),
('1572982071', '梁博', ''),
('1819685367', '梁博', ''),
('2344229765', '梁博', ''),
('2958411797', '梁博', ''),
('1979677677', '梁博', ''),
('1835622160', '梁博', ''),
('2008945405', '梁博', ''),
('2879747782', '梁博', ''),
('2624958670', '梁博', ''),
('2158174835', '梁博', ''),
('2689339417', '梁博', ''),
('1911551497', '梁博', ''),
('1675160912', '梁博', ''),
('2527925812', '梁博', ''),
('1766870125', '梁博', ''),
('2058454731', '梁博', ''),
('2951766863', '梁博', ''),
('1657569672', '梁博', ''),
('1739773237', '梁博', ''),
('2378481964', '梁博', ''),
('1876876457', '梁博', ''),
('1927302121', '梁博', ''),
('2929574334', '梁博', ''),
('1749610047', '梁博', ''),
('2485396301', '梁博', ''),
('1689652674', '梁博', ''),
('2320158863', '梁博', ''),
('1657722960', '梁博', ''),
('1722306897', '梁博', ''),
('1837368495', '梁博', ''),
('1788761571', '梁博', ''),
('2131895310', '梁博', ''),
('1879241603', '梁博', ''),
('1849259274', '梁博', ''),
('2144915661', '梁博', ''),
('1887760000', '梁博', ''),
('2365428830', '梁博', ''),
('2696514283', '梁博', ''),
('2757546863', '梁博', ''),
('2886900317', '梁博', ''),
('1795994825', '梁博', ''),
('1740701192', '梁博', ''),
('1596746091', '梁博', ''),
('2158965561', '梁博', ''),
('1776194731', '梁博', ''),
('2331590605', '梁博', ''),
('1731974495', '梁博', ''),
('2174983902', '梁博', ''),
('1573282314', '梁博', ''),
('2496129812', '梁博', ''),
('1936822380', '梁博', ''),
('1280358831', '梁博', ''),
('1215102862', '梁博', ''),
('1763955673', '梁博', ''),
('2133375101', '梁博', ''),
('1421585117', '梁博', ''),
('2259254215', '梁博', ''),
('1817695331', '梁博', ''),
('1907922295', '梁博', ''),
('2766479563', '梁博', ''),
('2117810925', '梁博', ''),
('2790536562', '梁博', ''),
('2079527985', '梁博', ''),
('1406359244', '梁博', ''),
('1990253661', '梁博', ''),
('2790534335', '梁博', ''),
('1574235374', '梁博', ''),
('1946899762', '梁博', ''),
('2329521520', '梁博', ''),
('1790223291', '梁博', ''),
('1707245745', '梁博', ''),
('1807676564', '梁博', ''),
('2974803275', '梁博', ''),
('2121100175', '梁博', ''),
('1723896562', '梁博', ''),
('1890738792', '梁博', ''),
('1393878681', '梁博', ''),
('1764564895', '梁博', ''),
('1277513707', '梁博', ''),
('2654740432', '梁博', ''),
('1771932997', '梁博', ''),
('1446775947', '梁博', ''),
('2775749973', '梁博', ''),
('2997740904', '梁博', ''),
('1223964423', '梁博', ''),
('2480037361', '梁博', ''),
('1611968334', '梁博', ''),
('1868357432', '梁博', ''),
('2308966102', '梁博', ''),
('2194369192', '梁博', ''),
('2005230073', '梁博', ''),
('2957563753', '梁博', ''),
('2001855581', '梁博', ''),
('2949326807', '梁博', ''),
('1420110282', '梁博', ''),
('1872428482', '梁博', ''),
('1824069907', '梁博', ''),
('1837005223', '梁博', ''),
('2524278820', '梁博', ''),
('1675036115', '梁博', ''),
('1772602627', '梁博', ''),
('2554241931', '梁博', ''),
('2951326312', '梁博', ''),
('1801638442', '梁博', ''),
('2920910627', '梁博', ''),
('1672631825', '梁博', ''),
('1951717837', '梁博', ''),
('1850380060', '梁博', ''),
('2127291173', '梁博', ''),
('1626108161', '梁博', ''),
('2506589435', '梁博', ''),
('1717010070', '梁博', ''),
('1719051142', '梁博', ''),
('2169105244', '梁博', ''),
('1859746490', '梁博', ''),
('1657394357', '梁博', ''),
('2847638054', '梁博', ''),
('1493474831', '梁博', ''),
('2088663107', '梁博', ''),
('2779727595', '梁博', ''),
('1851301075', '梁博', ''),
('2064556275', '梁博', ''),
('1263870742', '梁博', ''),
('1802439310', '梁博', ''),
('2625983887', '梁博', ''),
('2151697501', '梁博', ''),
('2151457560', '梁博', ''),
('1321395892', '梁博', ''),
('1442525454', '梁博', ''),
('1730885933', '梁博', ''),
('2380830931', '梁博', ''),
('2164516432', '梁博', ''),
('1073302440', '梁博', ''),
('1841817265', '梁博', ''),
('1632615150', '梁博', ''),
('1863653507', '梁博', ''),
('2338336375', '梁博', ''),
('1840108197', '梁博', ''),
('2580100540', '梁博', ''),
('2200332283', '梁博', ''),
('1863269144', '梁博', ''),
('1148037262', '梁博', ''),
('2438456250', '梁博', ''),
('1908288287', '梁博', ''),
('2295851483', '梁博', ''),
('2551013507', '梁博', ''),
('2551013507', '梁博', ''),
('1817253931', '梁博', ''),
('1820786497', '梁博', ''),
('1566543497', '梁博', ''),
('2210937982', '梁博', ''),
('1561782791', '梁博', ''),
('1608423301', '梁博', ''),
('1947094463', '梁博', ''),
('1502482003', '梁博', ''),
('1959151443', '梁博', ''),
('1620126654', '梁博', ''),
('1749766222', '梁博', ''),
('1654643367', '梁博', ''),
('1830990870', '梁博', ''),
('2979571484', '梁博', ''),
('1806666893', '梁博', ''),
('2142099163', '梁博', ''),
('1782803053', '梁博', ''),
('1220090505', '梁博', ''),
('1677127150', '梁博', ''),
('2645983612', '梁博', ''),
('2935876147', '梁博', ''),
('1146213294', '梁博', ''),
('1873459594', '梁博', ''),
('1904778721', '梁博', ''),
('2396237431', '梁博', ''),
('1785445683', '梁博', ''),
('2696575443', '梁博', ''),
('1663642525', '梁博', ''),
('2660051681', '梁博', ''),
('1934277504', '梁博', ''),
('1397160932', '梁博', ''),
('1815710247', '梁博', ''),
('1245893935', '梁博', ''),
('1967266714', '梁博', ''),
('1822243985', '梁博', ''),
('1772954590', '梁博', ''),
('1877201467', '梁博', ''),
('2640039381', '梁博', ''),
('1746914415', '梁博', ''),
('2570882917', '梁博', ''),
('1064396945', '梁博', ''),
('2005651175', '梁博', ''),
('1586764955', '梁博', ''),
('1046033922', '梁博', ''),
('1945406003', '梁博', ''),
('1956861942', '梁博', ''),
('1728810680', '梁博', ''),
('2140847853', '梁博', ''),
('1736126092', '梁博', ''),
('1026561064', '梁博', ''),
('2788250227', '梁博', ''),
('1984190595', '梁博', ''),
('1731094101', '梁博', ''),
('1789568427', '梁博', ''),
('2361226874', '梁博', ''),
('1951369543', '梁博', ''),
('1828778652', '梁博', ''),
('1749772620', '梁博', ''),
('2887693251', '梁博', ''),
('1781197481', '梁博', ''),
('2654901970', '梁博', ''),
('1082020085', '梁博', ''),
('2365696533', '梁博', ''),
('2274679001', '梁博', ''),
('2153829172', '梁博', ''),
('1729707311', '梁博', ''),
('1290313561', '梁博', ''),
('2964079130', '梁博', ''),
('1752830953', '梁博', ''),
('1247711124', '梁博', ''),
('2791665525', '梁博', ''),
('1826972440', '梁博', ''),
('2880083944', '梁博', ''),
('1935463923', '梁博', ''),
('1863713655', '梁博', ''),
('1778520637', '梁博', ''),
('2494634572', '梁博', ''),
('1762336074', '梁博', ''),
('2785534494', '梁博', ''),
('2007528460', '吴莫愁', ''),
('2681212592', '吴莫愁', ''),
('1705401802', '吴莫愁', ''),
('2176165514', '吴莫愁', ''),
('2703295143', '吴莫愁', ''),
('2265405567', '吴莫愁', ''),
('1942680864', '吴莫愁', ''),
('2062960905', '吴莫愁', ''),
('1866889393', '吴莫愁', ''),
('1733221182', '吴莫愁', ''),
('1770193843', '吴莫愁', ''),
('2414504761', '吴莫愁', ''),
('1678433712', '吴莫愁', ''),
('1738978194', '吴莫愁', ''),
('1886576091', '吴莫愁', ''),
('2269644353', '吴莫愁', ''),
('1270298664', '吴莫愁', ''),
('1892475711', '吴莫愁', ''),
('1249326567', '吴莫愁', ''),
('2234502540', '吴莫愁', ''),
('2139133112', '吴莫愁', ''),
('1810097207', '吴莫愁', ''),
('1961774013', '吴莫愁', ''),
('1047147627', '吴莫愁', ''),
('1627346091', '吴莫愁', ''),
('2792805213', '吴莫愁', ''),
('2011040980', '吴莫愁', ''),
('2392464632', '吴莫愁', ''),
('1686614011', '吴莫愁', ''),
('1794854705', '吴莫愁', ''),
('1911366027', '吴莫愁', ''),
('2190138900', '吴莫愁', ''),
('1171379755', '吴莫愁', ''),
('2717738303', '吴莫愁', ''),
('1900075003', '吴莫愁', ''),
('1783036545', '吴莫愁', ''),
('1846333942', '吴莫愁', ''),
('1897850134', '吴莫愁', ''),
('2139391815', '吴莫愁', ''),
('1903991637', '吴莫愁', ''),
('1400301550', '吴莫愁', ''),
('1807732554', '吴莫愁', ''),
('1937307777', '吴莫愁', ''),
('1738125734', '吴莫愁', ''),
('2093959933', '吴莫愁', ''),
('1595358532', '吴莫愁', ''),
('1789414804', '吴莫愁', ''),
('1762668841', '吴莫愁', ''),
('1583672957', '吴莫愁', ''),
('2100915527', '吴莫愁', ''),
('1072464422', '吴莫愁', ''),
('2139133112', '吴莫愁', ''),
('1687417723', '吴莫愁', ''),
('2462563782', '吴莫愁', ''),
('2253736564', '吴莫愁', ''),
('1775727021', '吴莫愁', ''),
('1787352415', '吴莫愁', ''),
('2337271267', '吴莫愁', ''),
('2476137852', '吴莫愁', ''),
('1040919581', '吴莫愁', ''),
('1747043100', '吴莫愁', ''),
('1308414787', '吴莫愁', ''),
('2697740955', '吴莫愁', ''),
('1340283317', '吴莫愁', ''),
('2805429215', '吴莫愁', ''),
('2758982973', '吴莫愁', ''),
('1363457701', '吴莫愁', ''),
('2138976455', '吴莫愁', ''),
('2010520257', '吴莫愁', ''),
('1728734861', '吴莫愁', ''),
('2078786863', '吴莫愁', ''),
('1897709034', '吴莫愁', ''),
('1717772703', '吴莫愁', ''),
('2036813234', '吴莫愁', ''),
('1853464163', '吴莫愁', ''),
('1886117902', '吴莫愁', ''),
('2257566337', '吴莫愁', ''),
('1509168334', '吴莫愁', ''),
('2014089010', '吴莫愁', ''),
('1744691327', '吴莫愁', '');

/*!40101 SET CHARACTER_SET_CLIENT=@OLD_CHARACTER_SET_CLIENT */;
/*!40101 SET CHARACTER_SET_RESULTS=@OLD_CHARACTER_SET_RESULTS */;
/*!40101 SET COLLATION_CONNECTION=@OLD_COLLATION_CONNECTION */;
